"","PC3_Exosome_GFP_4.3","PC3_Exosome_CAV1_4.3","PC3_Exosome_CAV2_4.3","PC3_Exosome_CAV3_4.3","PC3_Exosome_GFP_23.3","PC3_Exosome_CAV1_23.3","PC3_Exosome_CAV2_23.3","PC3_Exosome_CAV3_23.3","PC3_Exosome_GFP_6.3","PC3_Exosome_CAV1_6.3","PC3_Exosome_CAV2_6.3","PC3_Exosome_CAV3_6.3"
"hsa-miR-590-3p",22,27,4,6,5,14,10,12,5,0,10,7
"hsa-let-7f-2-5p",18763,11965,8713,7532,21915,10698,12063,14688,2655,110,31926,5249
"hsa-miR-30c-2-3p",10,5,14,8,9,12,23,12,3,4,66,2
"hsa-miR-1254-1-5p",2,3,2,1,6,0,3,7,2,1,25,2
"hsa-miR-4485-3p",3,2,11,6,4,5,8,4,4,0,43,24
"hsa-miR-1273d-3p",1,0,0,0,3,2,0,1,1,1,3,0
"hsa-miR-9-3-3p",4,5,5,2,1,4,0,8,2,0,26,2
"hsa-miR-8485-3p",0,0,0,0,0,0,0,0,0,0,1,0
"hsa-miR-195-5p",0,1,1,1,4,3,0,7,0,0,12,1
"hsa-miR-3176-3p",1,2,3,0,2,1,0,2,0,0,3,0
"hsa-let-7a-2-3p",13,12,33,23,19,13,32,32,0,0,34,8
"hsa-miR-422a-5p",20,15,22,19,29,26,19,25,6,2,76,6
"hsa-miR-4474-3p",0,0,0,0,0,0,0,0,0,0,0,0
"hsa-miR-3135b-3p",1,0,0,0,0,0,0,0,0,0,0,0
"hsa-miR-20a-5p",3549,1501,894,424,2688,1116,975,1800,515,232,6079,1288
"hsa-miR-320b-1-3p",1099,694,1327,1038,448,527,414,570,212,25,1780,274
"hsa-miR-3929-3p",5,6,10,2,6,5,9,9,1,0,18,3
"hsa-miR-30d-5p",4943,4601,6856,5068,10813,4438,6065,10079,954,329,11251,2253
"hsa-miR-205-5p",6079,4835,3973,2743,10000,5773,4195,5233,1034,29,4600,2251
"hsa-miR-320d-2-3p",117,128,262,322,73,138,149,145,17,1,582,26
"hsa-miR-548an-5p",0,0,0,0,0,0,0,0,0,1,0,0
"hsa-miR-204-5p",1,0,0,2,0,2,0,1,1,1,1,0
"hsa-miR-320b-2-3p",1189,767,1576,1219,703,631,578,837,222,27,2194,307
"hsa-miR-342-3p",90,52,66,37,88,41,54,98,16,0,67,27
"hsa-miR-548h-3-3p",9,2,3,4,6,5,5,4,2,0,6,2
"hsa-miR-24-2-5p",108,99,356,226,351,138,298,440,9,0,317,44
"hsa-miR-29c-5p",6,14,9,2,6,3,10,23,3,2,1,7
"hsa-miR-664a-5p",13,8,13,10,8,2,9,5,3,0,32,3
"hsa-miR-744-3p",3,2,2,3,2,2,2,9,0,0,2,0
"hsa-miR-619-5p",2,1,1,2,1,2,1,7,1,0,5,1
"hsa-let-7d-3p",286,154,157,159,145,151,109,128,41,2,869,55
"hsa-miR-106a-5p",101,35,24,15,89,42,20,73,16,13,171,46
"hsa-miR-1271-5p",0,0,1,1,0,1,1,0,0,0,0,1
"hsa-miR-15a-5p",18,12,2,5,10,6,8,20,3,1,26,9
"hsa-miR-1296-5p",55,48,20,42,45,64,34,66,3,0,20,11
"hsa-miR-5684-3p",1,0,1,0,2,0,0,0,0,0,3,0
"hsa-miR-93-5p",1159,950,1130,672,1472,851,1116,1872,155,107,3633,569
"hsa-miR-3929-5p",0,0,1,0,0,1,0,1,0,0,1,0
"hsa-miR-502-3p",122,70,69,88,98,85,67,112,17,10,238,23
"hsa-miR-561-5p",1,4,4,10,4,7,4,10,0,1,2,2
"hsa-miR-151a-5p",1101,1388,418,978,387,654,424,1410,85,10,195,283
"hsa-miR-7641-1-3p",52,144,67,83,59,77,73,69,3731,3,254,8699
"hsa-miR-9-2-3p",1,2,0,1,0,1,0,2,0,0,6,0
"hsa-miR-584-5p",707,705,640,462,407,522,380,424,119,4,3982,154
"hsa-miR-423-5p",812,447,264,291,190,219,106,237,191,33,784,193
"hsa-miR-500a-3p",102,77,54,67,61,66,58,71,19,12,220,26
"hsa-miR-200c-3p",33,31,75,16,61,43,32,36,8,0,82,67
"hsa-miR-629-5p",207,132,112,136,58,200,40,85,20,18,432,45
"hsa-let-7i-5p",10232,9884,3887,4187,7879,5413,2467,7029,1588,14,12535,2800
"hsa-miR-135b-5p",195,193,152,79,391,93,158,245,56,1,125,63
"hsa-miR-548ad-5p",10,4,0,6,3,2,2,3,0,0,13,0
"hsa-miR-486-1-5p",13,4,4,6,8,5,3,4,0,1,23,2
"hsa-miR-330-3p",91,50,75,41,74,50,57,80,15,8,185,28
"hsa-miR-23a-3p",5429,3230,4067,4228,5325,3833,4492,5556,747,7,10991,1267
"hsa-miR-1273a-5p",0,3,2,2,2,5,2,3,1,0,8,5
"hsa-miR-374b-3p",22,21,7,13,14,12,11,26,2,2,10,4
"hsa-miR-548ay-5p",16,14,2,10,8,9,2,8,0,0,23,0
"hsa-miR-450a-2-5p",334,257,76,146,229,142,54,178,29,11,68,65
"hsa-miR-21-5p",336367,378924,379227,239208,491950,306357,540466,523132,69162,1801,256477,158654
"hsa-miR-365b-3p",60,28,44,29,64,19,32,52,3,1,62,21
"hsa-miR-1973-3p",0,0,1,0,0,0,0,0,0,0,0,1
"hsa-let-7f-2-3p",117,65,32,28,48,36,31,36,20,1,57,37
"hsa-miR-1260b-5p",4,7,4,8,10,9,8,12,1,2,18,0
"hsa-miR-6747-3p",6,2,6,7,4,7,6,6,0,1,19,0
"hsa-miR-181d-5p",432,243,268,200,218,148,152,214,83,4,517,152
"hsa-miR-129-2-5p",50,13,50,27,8,7,14,15,1,0,43,6
"hsa-miR-582-3p",14,35,36,22,21,16,25,42,1,2,15,13
"hsa-miR-1307-3p",378,387,1191,591,542,310,383,436,83,16,662,102
"hsa-miR-365a-3p",60,28,44,29,64,19,32,52,3,1,62,21
"hsa-miR-1226-3p",2,2,3,3,2,2,3,1,0,0,9,0
"hsa-miR-1273c-3p",5,0,5,3,5,3,0,0,0,0,2,4
"hsa-miR-708-3p",2,1,0,2,1,7,1,5,1,0,0,0
"hsa-miR-10b-3p",8,0,1,5,7,3,2,5,4,1,10,1
"hsa-miR-18a-3p",13,7,11,9,13,9,15,10,2,1,34,2
"hsa-miR-548e-3p",7,8,4,5,5,11,9,4,0,2,9,2
"hsa-miR-27a-5p",54,65,109,31,182,86,113,99,10,0,67,6
"hsa-miR-320c-1-3p",270,252,521,571,139,268,225,238,43,7,1052,61
"hsa-miR-152-3p",89,63,71,75,115,56,46,77,28,3,206,37
"hsa-miR-937-3p",13,3,16,11,2,6,6,8,1,0,20,1
"hsa-miR-6126-5p",0,0,0,0,0,2,0,0,0,0,3,0
"hsa-miR-574-5p",115,228,231,173,91,139,188,254,29,2,69,96
"hsa-miR-760-3p",65,35,38,64,19,15,19,27,6,1,71,11
"hsa-miR-1285-1-3p",10,15,11,9,1,5,7,5,2,0,21,0
"hsa-miR-148a-3p",75788,24884,17909,19698,31224,15585,8698,23732,20388,1164,16797,8619
"hsa-miR-99b-5p",3381,3840,4674,4113,5082,3026,3280,5267,597,111,6211,1067
"hsa-miR-935-3p",9,7,7,15,21,7,7,7,1,0,11,0
"hsa-miR-22-5p",90,28,61,93,57,60,75,81,18,0,170,26
"hsa-miR-92a-1-5p",17,2,7,2,13,3,5,1,1,0,18,0
"hsa-miR-548ab-5p",1,5,1,0,0,0,2,0,0,0,1,0
"hsa-miR-3065-5p",46,19,12,16,28,30,21,47,5,0,33,14
"hsa-miR-548u-3p",11,16,15,4,10,2,4,8,0,0,2,1
"hsa-miR-296-5p",0,1,0,0,1,1,0,0,1,0,0,1
"hsa-miR-19a-3p",300,70,54,22,163,54,43,95,29,6,116,92
"hsa-miR-1301-3p",18,8,3,5,26,5,4,10,4,0,31,4
"hsa-miR-361-5p",137,98,139,97,122,136,104,149,12,1,751,50
"hsa-miR-183-5p",1827,2351,3653,2010,2663,1912,3180,4244,401,49,5627,1017
"hsa-miR-128-2-3p",2803,2399,2517,4156,1400,2422,1301,3074,321,113,3453,812
"hsa-miR-454-5p",34,15,16,13,16,19,6,22,1,1,42,12
"hsa-miR-181a-1-5p",921,897,1244,1278,737,772,836,1440,231,26,2388,688
"hsa-miR-301a-5p",27,8,8,21,20,10,9,16,2,2,29,2
"hsa-miR-2110-3p",1,1,3,1,0,2,0,1,0,0,1,0
"hsa-miR-3928-3p",6,3,5,5,1,2,5,2,2,0,14,2
"hsa-miR-409-3p",5,3,9,12,1,3,5,8,1,0,14,2
"hsa-miR-222-5p",16,12,40,13,26,23,40,32,0,0,44,5
"hsa-miR-4664-3p",41,38,38,24,25,21,19,28,2,0,23,3
"hsa-let-7e-5p",608,523,463,560,659,436,439,622,141,15,1188,291
"hsa-miR-532-5p",2573,1765,1136,1014,1048,1111,730,1128,313,107,1638,433
"hsa-miR-574-3p",25,50,65,39,45,72,122,114,2,1,122,14
"hsa-miR-6131-3p",163,114,69,88,160,60,150,244,227,13,78,1222
"hsa-miR-3613-5p",96,90,27,20,46,72,42,46,10,1,42,32
"hsa-miR-10a-5p",16429,13478,6763,6490,14677,7928,5996,10603,5660,1055,10621,4929
"hsa-miR-331-3p",25,41,41,50,67,46,48,52,0,3,40,11
"hsa-miR-378d-2-5p",205,159,140,193,82,192,107,157,16,3,304,30
"hsa-miR-4419a-3p",0,0,1,1,2,0,0,0,0,0,2,1
"hsa-miR-186-5p",1386,1071,949,777,642,670,631,876,342,27,1464,504
"hsa-miR-217-5p",4,0,4,0,2,1,0,1,0,0,5,0
"hsa-miR-3934-5p",17,17,28,13,20,15,9,16,4,0,21,5
"hsa-miR-331-5p",11,10,7,7,13,17,3,18,2,2,74,4
"hsa-miR-24-2-3p",5424,4941,17922,12273,13228,8280,13041,17589,663,43,22134,1641
"hsa-miR-375-3p",1276,2578,754,1889,851,1663,400,1360,608,5,706,923
"hsa-miR-548aq-3p",9,2,3,4,6,4,5,4,1,0,5,2
"hsa-miR-4497-5p",7,10,20,23,3,19,14,6,3,0,60,17
"hsa-miR-598-3p",1,1,1,0,0,4,0,4,0,6,2,1
"hsa-let-7c-5p",426,437,263,350,230,224,144,309,90,11,807,198
"hsa-miR-4459-3p",1,0,1,0,0,1,1,1,0,0,0,0
"hsa-miR-25-5p",9,1,8,2,5,5,6,4,0,2,15,0
"hsa-miR-421-3p",148,82,121,75,143,88,84,170,25,6,320,62
"hsa-miR-4677-3p",14,17,5,15,15,15,10,16,1,0,12,4
"hsa-miR-93-3p",2,14,11,4,10,6,4,12,0,4,28,2
"hsa-miR-98-5p",2367,1310,939,800,1710,520,996,1736,232,2,3327,507
"hsa-let-7a-1-3p",511,250,210,228,230,193,173,216,77,4,688,130
"hsa-miR-149-5p",20,53,54,91,52,86,42,84,4,3,57,12
"hsa-miR-151b-3p",179,140,62,87,20,93,23,82,5,2,49,31
"hsa-miR-33a-5p",6,7,7,9,13,16,6,7,0,0,5,3
"hsa-miR-3909-3p",1,1,4,1,3,3,3,1,1,0,4,1
"hsa-miR-28-5p",26,68,82,71,84,49,64,109,7,1,197,13
"hsa-miR-185-5p",156,131,162,153,208,163,134,234,19,14,1169,43
"hsa-let-7f-1-3p",50,17,29,12,24,14,15,30,5,0,52,9
"hsa-miR-374a-3p",194,224,45,40,100,66,57,99,35,6,27,41
"hsa-miR-378c-5p",3744,2959,2948,3912,2616,3440,2547,3649,401,80,9105,795
"hsa-miR-10a-3p",140,43,42,85,98,84,43,79,13,4,361,25
"hsa-miR-1307-5p",62,55,87,89,59,111,81,69,11,1,97,13
"hsa-miR-31-5p",345,326,228,174,487,306,293,446,35,7,1241,115
"hsa-miR-6868-3p",19,13,12,11,13,4,15,29,1,0,11,3
"hsa-miR-378f-3p",74,56,43,57,46,65,48,48,2,4,153,13
"hsa-miR-320e-3p",53,43,71,119,37,63,67,42,10,0,431,7
"hsa-miR-374b-5p",399,628,222,192,647,312,399,740,68,18,125,225
"hsa-miR-6723-3p",0,1,0,0,0,1,1,2,0,0,1,6
"hsa-let-7b-3p",64,39,74,43,45,35,41,43,16,0,187,27
"hsa-miR-193b-3p",65,39,40,53,51,70,63,67,7,1,49,12
"hsa-miR-378i-5p",1182,547,430,580,360,792,322,564,102,34,2873,205
"hsa-miR-543-3p",5,0,8,22,2,3,2,5,1,0,16,2
"hsa-miR-4461-3p",4,4,3,3,2,7,6,3,4,1,6,4
"hsa-miR-218-1-5p",1424,912,751,436,954,1329,698,1492,127,246,755,550
"hsa-miR-21-3p",300,190,124,135,127,270,152,128,35,5,370,79
"hsa-miR-193b-5p",6,1,5,8,2,3,3,5,0,0,27,1
"hsa-miR-130b-5p",36,37,35,33,41,32,17,51,8,6,126,7
"hsa-miR-29c-3p",23,18,13,10,28,16,22,43,2,1,39,5
"hsa-miR-4286-5p",4,16,14,9,21,21,23,25,1,2,7,2
"hsa-miR-625-3p",48,18,24,36,42,21,9,14,5,1,93,13
"hsa-miR-24-1-3p",5497,5089,17998,12274,13235,8287,13046,17608,682,43,22152,1664
"hsa-miR-3648-2-3p",0,1,1,2,4,1,4,1,0,0,6,0
"hsa-miR-7641-2-5p",59,60,64,54,51,68,57,46,16,5,261,98
"hsa-miR-424-5p",110,35,41,71,122,33,50,53,23,1,180,20
"hsa-miR-652-3p",169,125,54,45,88,83,73,99,12,5,134,40
"hsa-miR-138-1-5p",1,0,3,0,0,0,0,0,1,0,0,0
"hsa-miR-3912-3p",32,11,6,10,7,13,6,7,3,0,16,9
"hsa-miR-4683-3p",8,4,17,10,3,6,8,17,2,0,22,0
"hsa-miR-195-3p",5,1,3,3,8,4,7,7,0,0,1,3
"hsa-miR-548x-3p",56,26,41,36,64,38,51,59,0,0,28,16
"hsa-miR-585-3p",7,11,10,7,11,4,5,9,2,0,9,3
"hsa-miR-671-5p",6,4,14,6,13,7,5,9,0,0,31,5
"hsa-miR-218-1-3p",0,0,0,0,6,0,2,1,0,1,1,0
"hsa-miR-5100-3p",1,1,6,2,5,3,5,3,0,4,4,0
"hsa-miR-125a-3p",49,30,43,82,30,38,24,32,11,0,146,4
"hsa-miR-676-3p",4,1,0,0,3,1,0,1,0,1,1,2
"hsa-miR-484-5p",83,59,86,64,67,94,83,100,14,13,825,42
"hsa-miR-27b-5p",13,9,12,7,28,5,8,13,1,0,21,2
"hsa-miR-126-3p",74,65,113,75,188,78,95,129,6,3,272,23
"hsa-miR-7-3-5p",1781,1531,1050,560,800,556,826,1492,160,146,1987,757
"hsa-miR-32-3p",9,5,1,6,8,10,5,16,5,0,12,0
"hsa-miR-216b-5p",1,0,1,0,1,0,2,1,0,0,1,1
"hsa-miR-576-5p",11,18,19,11,34,25,14,26,2,4,7,4
"hsa-miR-6516-3p",2,0,1,2,3,1,4,6,0,0,9,0
"hsa-miR-1304-5p",9,4,9,4,2,3,0,5,2,0,20,1
"hsa-miR-29a-3p",4359,3145,5519,4371,6710,5828,6906,8290,596,22,7295,1907
"hsa-miR-548f-1-3p",13,9,0,1,1,3,3,3,0,0,4,3
"hsa-miR-16-1-5p",176,142,210,123,201,141,138,254,33,7,553,68
"hsa-let-7a-3-3p",511,250,210,228,230,192,173,216,77,4,689,130
"hsa-miR-140-3p",146,119,39,56,81,133,50,92,20,18,123,45
"hsa-miR-30a-3p",749,418,780,394,495,397,610,461,95,14,853,129
"hsa-miR-651-5p",78,200,14,42,32,59,20,54,16,0,32,53
"hsa-miR-182-3p",4,0,6,8,5,0,5,5,1,0,13,2
"hsa-miR-181b-1-5p",694,479,870,832,285,413,368,569,109,15,1817,323
"hsa-miR-196a-2-5p",260,207,185,220,200,178,74,217,28,2,503,56
"hsa-miR-1273e-3p",2,0,0,0,1,0,1,1,0,1,5,1
"hsa-miR-1269a-3p",36,40,60,55,32,29,45,48,5,1,78,14
"hsa-miR-542-3p",280,162,50,80,137,99,27,71,26,5,88,63
"hsa-miR-9-3-5p",109,65,40,44,66,76,35,127,9,18,37,42
"hsa-miR-1-2-3p",8,5,0,0,2,2,2,7,0,0,20,0
"hsa-miR-106b-5p",195,153,92,92,200,183,171,278,26,10,275,102
"hsa-miR-548f-4-3p",12,10,0,1,1,1,3,3,0,0,3,3
"hsa-miR-301a-3p",6,3,9,4,9,5,15,4,0,0,6,4
"hsa-miR-191-3p",12,3,14,9,7,3,7,6,0,0,6,2
"hsa-miR-548l-5p",5,11,4,1,1,3,3,4,0,0,3,0
"hsa-miR-224-5p",9,5,0,1,12,9,0,6,1,2,1,1
"hsa-miR-550a-3-5p",7,4,6,4,5,6,2,5,0,0,5,2
"hsa-miR-548h-1-5p",1,2,1,0,1,0,0,2,0,0,0,2
"hsa-miR-615-3p",97,83,63,132,62,109,19,45,11,7,147,16
"hsa-miR-100-5p",195796,373477,315309,246024,252488,241103,291642,374914,40126,720,185841,94823
"hsa-miR-4485-5p",4,5,2,2,0,10,6,4,2,0,27,1
"hsa-miR-4448-3p",41,17,16,13,16,16,12,47,44,1,13,166
"hsa-miR-4454-5p",113,132,146,131,213,290,395,342,6,0,212,24
"hsa-miR-378h-5p",10,17,10,7,12,14,12,22,1,1,47,3
"hsa-miR-363-3p",92,3,4,9,113,8,2,12,7,2,1,13
"hsa-miR-7974-3p",3,4,3,2,1,6,4,10,0,5,4,1
"hsa-miR-103a-1-3p",1852,1765,1389,940,3443,1756,1911,3311,341,126,9319,1001
"hsa-miR-98-3p",90,33,40,16,61,20,31,49,14,0,37,22
"hsa-miR-130a-3p",76,29,50,97,61,50,36,71,7,1,204,16
"hsa-miR-548h-4-5p",1,2,1,0,1,0,1,2,0,0,0,2
"hsa-miR-28-3p",428,447,465,299,308,343,233,348,74,10,1125,95
"hsa-miR-15b-3p",329,274,130,155,184,236,138,240,32,3,236,65
"hsa-miR-128-1-3p",2852,2452,2548,4185,1432,2457,1316,3139,329,116,3507,841
"hsa-miR-142-5p",5,4,0,2,2,0,1,1,0,1,7,0
"hsa-miR-381-3p",27,17,24,20,26,8,21,31,4,0,19,5
"hsa-miR-130b-3p",24,18,24,36,18,27,13,28,2,0,81,3
"hsa-miR-4521-5p",16,2,2,1,2,27,4,47,1,18,4,8
"hsa-miR-92a-2-3p",8934,4435,2833,2023,3550,3994,1771,2517,1838,516,11627,1610
"hsa-miR-505-3p",31,23,27,25,19,31,26,39,3,1,42,15
"hsa-miR-296-3p",5,0,0,0,2,6,0,6,0,1,7,2
"hsa-miR-503-5p",317,228,222,299,267,200,109,287,23,4,630,70
"hsa-miR-429-3p",8000,3282,3134,2363,4351,2500,2971,4015,1015,36,3788,2154
"hsa-miR-185-3p",4,5,7,8,2,4,2,2,0,0,31,7
"hsa-miR-32-5p",150,94,110,116,222,125,85,164,25,9,152,60
"hsa-miR-1268a-3p",0,0,0,0,1,0,0,0,0,0,1,0
"hsa-miR-941-1-3p",58,101,103,54,94,56,91,123,12,4,63,19
"hsa-miR-378e-3p",51,47,65,84,40,91,52,67,7,1,88,14
"hsa-miR-3158-2-3p",5,12,9,7,4,4,5,5,0,0,6,2
"hsa-miR-22-3p",7242,4541,8603,7382,5004,5205,4566,6652,1628,35,23316,1973
"hsa-miR-31-3p",13,23,20,6,29,22,21,28,2,0,7,3
"hsa-miR-1304-3p",9,10,17,24,14,16,17,20,3,2,22,3
"hsa-miR-548b-5p",7,2,3,3,1,1,2,1,0,0,7,0
"hsa-miR-9-2-5p",109,65,40,44,66,76,35,127,9,18,37,42
"hsa-miR-548o-3p",103,128,95,77,111,57,64,108,11,4,26,26
"hsa-miR-335-3p",136,138,154,144,123,93,127,195,11,1,165,44
"hsa-miR-30d-3p",51,36,32,27,25,18,28,28,4,2,25,8
"hsa-miR-4746-5p",3,5,4,3,2,4,3,7,0,0,0,0
"hsa-miR-125a-5p",569,666,901,688,1458,618,610,1035,264,27,3039,480
"hsa-miR-362-5p",42,30,14,8,30,21,16,44,8,5,17,19
"hsa-miR-497-5p",6,2,1,3,1,2,5,3,0,0,8,2
"hsa-miR-6510-3p",4,17,25,23,10,5,4,27,4,0,14,4
"hsa-miR-26a-2-5p",6848,5256,2399,2910,7484,7068,2631,4964,1668,278,6173,2449
"hsa-miR-330-5p",27,13,20,28,25,15,24,20,2,2,23,9
"hsa-miR-934-5p",5,8,44,12,9,7,53,37,2,0,54,23
"hsa-let-7f-1-5p",18519,11821,8580,7449,21468,10610,11897,14439,2611,109,31351,5163
"hsa-miR-548o-2-3p",103,128,95,77,111,57,64,108,11,4,26,26
"hsa-miR-27a-3p",14732,8971,18330,21624,18691,17217,15895,21857,2064,34,20584,3853
"hsa-miR-874-3p",5,12,8,11,8,9,14,10,4,4,20,2
"hsa-miR-188-5p",1,2,0,3,3,1,2,4,0,0,7,1
"hsa-miR-1224-5p",6,5,10,26,6,6,11,10,0,0,12,2
"hsa-miR-378d-1-3p",208,161,133,191,84,187,110,154,17,3,301,33
"hsa-miR-1246-5p",2628,1637,1823,2320,987,3607,515,699,356,171,3948,1231
"hsa-miR-374a-5p",78,87,52,59,103,58,58,130,6,2,50,35
"hsa-miR-335-5p",83,34,34,36,43,18,30,46,15,1,314,36
"hsa-miR-212-5p",8,3,2,2,8,1,3,4,0,0,3,1
"hsa-miR-23b-3p",1210,637,447,636,1053,613,451,755,203,6,1814,251
"hsa-miR-143-3p",36,38,19,25,7,20,9,13,8,1,148,2
"hsa-miR-320c-2-3p",165,179,359,388,101,184,188,186,29,4,742,43
"hsa-miR-6087-3p",14,12,25,12,24,19,15,22,4,0,56,5
"hsa-miR-641-5p",8,5,8,3,8,12,6,16,2,1,8,3
"hsa-miR-550a-2-5p",7,4,7,4,5,6,4,6,0,1,6,2
"hsa-miR-1303-5p",4,4,2,5,13,4,7,12,1,0,16,17
"hsa-miR-148b-3p",3668,2395,1270,1132,1665,1554,911,1616,600,99,1999,806
"hsa-miR-4459-5p",2,1,0,1,0,2,1,0,0,0,0,1
"hsa-miR-135b-3p",14,8,3,2,11,1,5,11,0,1,7,0
"hsa-let-7g-5p",8987,6368,4651,4289,10261,6956,5971,8719,1227,56,20678,3064
"hsa-miR-4516-5p",1,4,1,5,0,4,2,2,1,0,17,1
"hsa-miR-346-5p",0,0,0,0,0,1,0,0,0,0,0,0
"hsa-miR-873-3p",6,11,10,11,4,13,3,7,0,0,30,3
"hsa-miR-328-3p",27,18,50,35,26,15,27,35,18,2,189,9
"hsa-miR-222-3p",2366,2922,5382,2856,1887,1966,3621,5153,345,28,19190,1465
"hsa-miR-708-5p",2,2,1,1,0,6,0,13,1,2,1,4
"hsa-miR-9-1-5p",109,65,40,44,66,76,35,127,9,18,37,42
"hsa-miR-148b-5p",66,66,59,50,91,57,54,95,9,3,33,22
"hsa-miR-548h-5-5p",1,2,1,0,1,0,0,2,0,0,0,2
"hsa-miR-27b-3p",11495,7133,6354,9458,10460,9125,6664,8748,1374,110,9967,2140
"hsa-miR-378g-5p",29,24,20,46,21,23,17,33,8,0,73,7
"hsa-miR-1262-5p",2,1,2,2,0,0,0,1,0,0,6,0
"hsa-miR-1273f-5p",1,3,1,5,8,3,0,6,2,0,18,1
"hsa-miR-548d-1-5p",13,13,2,8,7,8,1,7,0,0,22,0
"hsa-miR-203a-3p",1802,769,368,509,2052,827,346,744,185,7,649,219
"hsa-miR-19b-2-3p",700,235,169,54,566,194,228,301,115,14,264,253
"hsa-miR-592-5p",5,0,0,0,0,2,0,1,1,1,2,1
"hsa-miR-181a-1-3p",40,37,38,45,64,34,38,58,7,0,23,18
"hsa-miR-618-5p",1,0,0,0,0,0,1,1,0,0,0,0
"hsa-miR-1180-3p",179,206,195,183,101,131,85,143,37,6,202,29
"hsa-miR-548x-2-3p",32,11,16,17,22,19,16,27,0,0,15,6
"hsa-miR-566-3p",2,0,5,2,4,0,2,0,0,0,13,0
"hsa-miR-148a-5p",113,65,41,48,143,99,62,135,29,6,41,45
"hsa-miR-194-1-5p",25,16,23,27,60,14,16,43,5,0,37,7
"hsa-let-7a-1-5p",13617,10642,10944,10661,9265,7735,7159,11111,1944,70,40246,5820
"hsa-miR-548h-3-5p",1,2,1,0,1,0,0,2,0,0,0,2
"hsa-let-7a-3-5p",13651,10655,10966,10675,9278,7746,7173,11137,1947,72,40299,5833
"hsa-miR-210-3p",95,129,251,152,148,166,290,352,14,2,325,86
"hsa-miR-181a-2-3p",31,27,71,59,39,39,53,45,7,0,63,7
"hsa-miR-29b-2-3p",188,75,46,57,67,125,80,128,11,2,119,67
"hsa-miR-548k-5p",41,25,28,28,28,29,17,28,3,1,25,11
"hsa-miR-99a-5p",1054,1390,1216,1341,1521,1225,1137,1865,283,71,739,628
"hsa-miR-566-5p",0,0,0,0,0,0,0,0,0,0,0,0
"hsa-miR-16-2-3p",973,418,527,406,626,374,269,575,95,15,1308,225
"hsa-miR-151a-3p",9055,15603,26263,17326,22376,9517,16809,24374,1889,143,7543,2201
"hsa-miR-125b-1-5p",1149,1848,2373,1740,2166,1846,2077,2415,266,11,8466,754
"hsa-miR-324-5p",31,15,13,10,16,12,14,20,0,1,10,5
"hsa-miR-221-5p",176,201,155,79,102,93,205,238,51,5,674,147
"hsa-miR-3177-3p",9,4,0,2,2,1,0,0,1,0,2,2
"hsa-miR-877-5p",13,10,31,18,17,15,29,28,2,1,31,6
"hsa-miR-140-5p",14,8,16,10,8,7,13,9,3,1,24,5
"hsa-miR-4421-3p",1,2,1,0,0,0,0,0,0,0,1,0
"hsa-miR-199b-3p",14,17,12,12,16,5,7,8,11,0,72,3
"hsa-miR-450b-5p",441,224,43,102,156,117,33,88,35,6,91,50
"hsa-miR-30c-2-5p",1242,903,1015,618,1779,886,1109,1811,187,64,1895,696
"hsa-miR-744-5p",44,58,118,74,117,70,78,78,2,12,220,9
"hsa-miR-107-3p",345,164,128,114,188,209,115,256,47,20,892,131
"hsa-let-7d-5p",772,462,663,548,697,446,426,668,97,4,1951,284
"hsa-miR-548d-2-5p",13,14,2,8,7,8,1,7,0,0,22,0
"hsa-miR-26b-5p",1169,1541,614,1035,1189,1542,903,1866,185,36,1698,690
"hsa-miR-548ae-2-5p",11,7,2,5,4,2,2,3,0,0,11,1
"hsa-miR-378a-3p",6674,5999,5987,6772,5495,6461,5174,8027,743,216,17921,1506
"hsa-miR-378a-5p",32,27,27,17,24,15,16,33,4,2,44,10
"hsa-miR-181b-2-5p",697,485,871,834,285,413,372,573,110,15,1816,328
"hsa-miR-181a-2-5p",921,897,1244,1278,737,772,836,1440,231,26,2388,688
"hsa-miR-1306-3p",6,2,3,6,3,5,1,7,0,0,6,1
"hsa-miR-26a-1-5p",6846,5257,2399,2910,7484,7067,2631,4963,1668,278,6173,2447
"hsa-miR-30e-3p",442,620,362,325,428,313,306,478,93,10,169,136
"hsa-miR-1-1-3p",8,5,0,0,2,2,2,7,0,0,20,0
"hsa-miR-15b-5p",61,43,64,49,132,69,67,127,8,5,148,20
"hsa-miR-1273e-5p",3,3,2,2,4,5,2,1,0,0,10,6
"hsa-miR-5096-3p",8,11,3,13,10,10,7,15,1,1,24,13
"hsa-miR-196b-5p",172,161,153,148,162,167,92,216,30,7,410,65
"hsa-miR-6842-3p",5,9,2,1,11,11,2,3,2,0,4,1
"hsa-miR-196a-2-3p",1,3,1,1,1,4,2,3,0,0,1,3
"hsa-miR-139-5p",61,29,75,36,135,20,53,70,4,0,47,7
"hsa-miR-99b-3p",609,518,563,566,498,370,364,608,89,8,630,158
"hsa-miR-941-4-3p",58,101,103,54,94,56,91,123,12,4,63,19
"hsa-miR-452-3p",0,0,0,0,0,0,0,0,0,0,0,0
"hsa-miR-4470-3p",11,3,15,6,5,5,3,9,5,0,11,3
"hsa-miR-339-3p",42,30,61,82,50,52,41,51,5,1,156,14
"hsa-miR-3648-1-3p",0,1,1,2,4,1,4,1,0,0,6,0
"hsa-miR-19b-1-3p",699,235,169,54,566,194,228,301,115,14,264,253
"hsa-miR-9-1-3p",1,2,0,1,0,1,0,2,0,0,6,0
"hsa-miR-1273a-3p",6,3,7,6,10,14,12,12,20,1,55,235
"hsa-miR-339-5p",56,74,81,57,107,107,70,124,6,2,88,23
"hsa-miR-5096-5p",4,2,3,4,3,7,3,3,0,2,31,10
"hsa-miR-1290-3p",0,0,0,2,0,1,0,0,0,0,1,0
"hsa-miR-182-5p",2127,3307,3944,1782,4817,2072,4341,7758,492,74,6589,2142
"hsa-miR-1285-2-3p",10,15,11,6,1,4,6,5,0,0,21,0
"hsa-miR-7706-3p",43,61,220,152,113,105,144,215,13,11,109,26
"hsa-miR-941-3-3p",58,101,103,54,94,56,91,123,12,4,63,19
"hsa-miR-671-3p",16,17,31,36,35,25,16,30,2,1,36,2
"hsa-miR-450a-1-5p",335,256,76,147,228,142,54,178,29,11,68,65
"hsa-miR-577-5p",6,6,2,3,2,2,1,3,0,1,4,4
"hsa-miR-576-3p",61,38,35,29,42,34,22,36,13,1,58,10
"hsa-miR-92b-3p",320,224,359,324,217,232,250,271,45,2,717,109
"hsa-miR-664a-3p",12,10,9,8,18,6,21,12,1,0,5,3
"hsa-miR-340-3p",23,28,19,30,42,14,13,40,2,1,13,7
"hsa-miR-20b-5p",16,0,1,1,19,4,2,7,6,2,12,3
"hsa-miR-125b-1-3p",542,532,1266,849,425,335,454,739,51,0,1974,105
"hsa-miR-199a-1-3p",14,17,12,12,16,5,7,8,11,0,72,3
"hsa-miR-3158-1-3p",5,12,9,7,4,4,5,5,0,0,6,2
"hsa-miR-4419a-5p",5,8,26,3,17,5,8,6,3,1,34,18
"hsa-miR-18a-5p",24,15,16,14,54,30,27,43,3,8,42,10
"hsa-let-7e-3p",11,6,18,20,17,13,9,12,3,1,25,6
"hsa-miR-7641-2-3p",207,362,228,260,183,302,253,196,5760,5,644,13161
"hsa-miR-4508-5p",1,3,4,2,4,0,0,2,0,0,4,2
"hsa-miR-200a-3p",23228,8297,5032,4409,7541,5571,4945,7178,5319,52,11068,8882
"hsa-miR-548n-5p",2,6,1,0,0,0,2,0,0,0,1,0
"hsa-miR-1908-5p",3,2,3,3,1,1,0,3,1,0,20,0
"hsa-miR-196a-1-5p",243,201,180,204,188,156,68,206,27,2,479,56
"hsa-miR-769-5p",182,185,133,115,131,183,156,218,29,32,140,47
"hsa-miR-3182-5p",402,303,246,182,676,368,358,505,745,14,360,2395
"hsa-miR-221-3p",5781,5173,10319,5550,4230,4341,7739,9688,841,46,51204,3591
"hsa-miR-146a-5p",993,288,44,228,199,91,13,182,194,3,243,145
"hsa-miR-7641-1-5p",58,55,47,55,69,45,62,66,24,1,138,104
"hsa-miR-494-3p",0,0,1,1,0,1,0,1,0,0,8,0
"hsa-miR-320d-1-3p",117,128,262,322,73,138,149,145,17,1,582,24
"hsa-miR-449a-5p",1,0,1,0,3,1,0,1,0,0,1,0
"hsa-miR-548h-2-5p",1,2,1,0,1,0,0,2,0,0,0,2
"hsa-miR-6516-5p",5,3,15,3,1,2,6,4,0,1,11,0
"hsa-miR-200b-5p",47,33,93,60,106,51,53,89,12,1,384,21
"hsa-miR-1303-3p",4,4,9,6,8,14,3,12,0,0,6,5
"hsa-miR-320a-3p",2700,2059,4288,3023,2455,1639,1761,2616,595,86,7346,888
"hsa-miR-342-5p",8,5,12,6,6,0,5,5,1,0,7,3
"hsa-miR-200b-3p",8257,6830,6269,3732,11384,4834,6446,9134,1779,40,18218,4047
"hsa-miR-1299-3p",4,4,22,9,1,2,16,10,1,0,50,3
"hsa-miR-30c-1-5p",1244,904,1014,618,1779,886,1109,1813,188,64,1895,696
"hsa-miR-301b-3p",1,2,9,1,11,4,9,11,0,0,8,4
"hsa-miR-4326-5p",1,1,1,0,0,0,0,2,0,1,1,0
"hsa-miR-589-5p",87,69,57,63,51,47,38,69,9,3,93,19
"hsa-miR-125b-2-5p",1150,1862,2393,1748,2178,1856,2087,2426,267,11,8478,757
"hsa-miR-449c-5p",2,2,0,1,4,1,0,2,0,2,1,3
"hsa-miR-95-3p",232,145,143,113,157,116,138,190,32,4,142,48
"hsa-miR-548f-3-3p",13,12,1,2,1,5,4,6,0,1,2,3
"hsa-miR-7-1-5p",1784,1536,1052,560,802,558,827,1500,160,146,1989,762
"hsa-miR-3159-3p",3,1,2,1,1,4,5,0,0,0,6,3
"hsa-miR-129-1-5p",50,13,50,27,8,7,14,15,1,0,43,6
"hsa-miR-132-3p",47,21,21,15,39,23,23,27,10,2,64,6
"hsa-miR-192-5p",955,591,427,657,918,931,429,743,137,18,570,214
"hsa-miR-361-3p",220,355,268,196,300,164,211,455,69,6,164,144
"hsa-miR-92a-1-3p",8993,4468,2838,2037,3587,4015,1781,2534,1857,517,11667,1619
"hsa-miR-101-2-3p",3541,2760,1279,1110,1696,1616,1348,1621,879,123,2178,1414
"hsa-miR-423-3p",1144,868,1458,1086,832,983,685,965,174,147,3102,376
"hsa-miR-501-5p",2,4,7,0,14,1,3,8,1,0,9,2
"hsa-miR-1273d-5p",1,0,1,1,0,1,1,2,0,0,0,1
"hsa-miR-146b-5p",688,371,401,216,655,286,273,459,121,31,326,248
"hsa-miR-4324-3p",5,2,7,5,10,6,5,13,1,0,27,3
"hsa-miR-548t-3p",2,0,0,2,2,2,0,2,0,0,1,1
"hsa-miR-16-2-5p",203,155,220,131,219,174,152,289,39,9,723,84
"hsa-miR-7851-5p",1,0,0,0,0,0,0,1,0,0,1,1
"hsa-miR-455-5p",64,87,28,31,95,22,25,91,9,3,12,28
"hsa-miR-194-2-5p",33,21,42,43,108,30,30,73,6,0,82,12
"hsa-miR-424-3p",340,163,176,224,571,114,67,224,29,7,284,46
"hsa-miR-17-5p",802,456,417,218,1391,522,470,793,125,101,2535,260
"hsa-miR-101-1-3p",4280,3277,1608,1458,2098,2048,1702,2057,1046,159,2750,1684
"hsa-miR-7-2-5p",1782,1531,1049,559,800,556,826,1492,160,146,1986,758
"hsa-miR-425-5p",511,682,615,347,916,367,510,1099,96,11,505,286
"hsa-miR-96-5p",232,279,395,180,306,161,335,500,45,6,447,178
"hsa-miR-501-3p",64,37,23,33,17,29,18,30,12,3,154,6
"hsa-miR-550a-1-5p",7,4,7,4,5,6,4,6,0,1,6,2
"hsa-miR-183-3p",2,1,1,2,3,2,5,8,3,0,18,2
"hsa-miR-138-2-5p",1,0,3,0,0,0,0,0,1,0,0,0
"hsa-miR-4791-5p",45,71,22,69,31,54,58,43,458,4,80,633
"hsa-miR-3195-5p",1,1,0,3,0,0,0,1,0,0,1,0
"hsa-let-7a-2-5p",14683,11312,11771,11166,10364,8128,7739,12142,2102,79,42995,6273
"hsa-miR-103a-2-3p",1943,1831,1465,967,3604,1815,1976,3444,370,134,9925,1046
"hsa-miR-873-5p",23,18,18,33,23,46,13,25,2,0,34,4
"hsa-miR-106b-3p",335,429,418,279,420,293,340,377,38,15,597,72
"hsa-miR-451a-5p",2,14,7,2,5,1,0,4,2,0,7,2
"hsa-miR-548aa-2-3p",2,0,0,2,2,2,0,2,0,0,1,1
"hsa-miR-4488-5p",0,0,2,1,1,0,1,1,1,0,6,0
"hsa-miR-26a-2-3p",13,8,0,2,16,5,5,2,3,0,3,1
"hsa-miR-548f-2-3p",13,12,1,2,1,5,4,6,0,1,2,3
"hsa-miR-25-3p",2214,2311,2759,2072,2116,1753,1654,2510,497,206,2918,609
"hsa-miR-425-3p",149,112,172,150,148,108,130,176,15,0,204,23
"hsa-miR-1278-3p",11,10,6,4,8,6,4,8,1,0,7,4
"hsa-miR-8086-3p",7,3,3,0,4,3,1,3,2,0,7,5
"hsa-miR-193a-3p",7,9,6,14,24,22,15,13,2,0,5,3
"hsa-miR-6720-3p",0,0,0,0,0,0,0,1,0,1,0,0
"hsa-miR-340-5p",1173,747,132,205,330,402,145,454,141,66,392,263
"hsa-miR-320a-5p",10,9,15,10,25,25,14,25,3,0,21,20
"hsa-let-7b-5p",6643,5187,5342,5920,3204,3820,2779,5306,1009,14,7423,2192
"hsa-miR-199a-2-3p",14,17,12,12,16,5,7,8,12,0,73,3
"hsa-miR-181c-5p",37,20,19,10,10,30,11,22,6,0,27,13
"hsa-miR-1273g-3p",6,10,3,9,9,14,10,9,42,1,34,288
"hsa-miR-324-3p",14,22,15,17,13,21,7,13,1,3,39,3
"hsa-miR-7704-5p",4,5,10,7,2,17,8,4,1,0,29,2
"hsa-miR-486-2-5p",13,4,4,6,8,5,3,4,0,1,23,2
"hsa-miR-125b-2-3p",53,18,6,22,36,27,0,11,10,6,8,13
"hsa-let-7i-3p",3,6,5,4,6,12,3,12,3,0,10,3
"hsa-miR-378b-3p",5,8,3,5,2,5,4,3,1,0,10,1
"hsa-miR-147b-3p",33,30,58,30,26,25,50,26,6,0,26,4
"hsa-miR-29b-1-3p",188,76,46,57,67,125,80,127,11,2,118,68
"hsa-miR-1291-5p",0,2,1,2,2,4,7,2,0,0,8,0
"hsa-miR-10b-5p",5326,3390,476,1659,4409,2027,407,2287,2103,366,770,1405
"hsa-miR-132-5p",20,3,18,10,11,9,10,13,5,2,6,4
"hsa-miR-200a-5p",551,604,719,520,872,516,701,778,138,2,497,153
"hsa-miR-30a-5p",17659,6885,10218,5044,13730,6759,11047,11133,2467,562,19202,4779
"hsa-miR-452-5p",2,0,0,0,0,1,1,2,1,3,0,1
"hsa-miR-660-5p",373,151,47,53,87,64,49,104,101,4,179,147
"hsa-miR-190b-5p",4,3,5,3,1,0,5,3,0,0,15,2
"hsa-miR-34a-5p",26,9,6,7,14,6,3,21,3,4,14,6
"hsa-miR-141-3p",253,98,89,74,96,92,68,112,56,0,119,129
"hsa-miR-181c-3p",37,15,19,31,35,35,24,27,6,1,30,4
"hsa-miR-454-3p",63,47,4,10,56,33,41,47,10,4,42,31
"hsa-miR-181b-1-3p",2,6,3,2,7,2,3,1,2,1,5,1
"hsa-miR-191-5p",3092,3724,4035,3069,5235,3133,3380,5540,529,59,8829,1805
"hsa-miR-3605-3p",3,6,5,2,5,3,3,5,0,0,15,0
"hsa-miR-942-5p",19,7,8,9,20,9,1,4,2,1,19,8
"hsa-miR-122-5p",960,362,707,454,104,56,71,142,221,5,1246,61
"hsa-miR-215-5p",59,36,29,48,42,65,36,41,8,3,50,8
"hsa-miR-548aa-1-3p",2,0,0,2,2,2,0,2,0,0,1,1
"hsa-miR-941-2-3p",58,101,103,54,94,56,91,123,12,4,63,19
"hsa-miR-30e-5p",2977,1588,1001,780,1709,1454,958,1871,523,140,2772,1564
"hsa-miR-1285-1-5p",2,4,4,6,0,1,4,3,0,0,21,6
"hsa-miR-5095-3p",2,1,2,1,1,4,4,0,0,0,2,1
"hsa-miR-1250-5p",9,1,8,3,3,2,7,5,0,2,6,3
"hsa-miR-34c-5p",4,2,2,0,2,4,0,6,0,8,3,3
"hsa-miR-193a-5p",54,25,107,60,35,27,31,41,14,0,555,11
"hsa-miR-2110-5p",13,9,13,8,5,5,3,6,2,0,42,6
"hsa-miR-126-5p",41,35,9,22,33,23,14,14,7,2,25,8
"hsa-miR-338-5p",9,5,7,0,6,3,9,4,0,0,24,1
"hsa-miR-1292-5p",12,12,9,9,8,3,5,12,3,0,22,2
"hsa-miR-1277-5p",4,2,13,4,7,3,7,15,2,0,9,9
"hsa-miR-30b-5p",226,203,80,84,258,180,177,304,19,10,103,115
"hsa-miR-941-5-3p",58,101,103,54,94,56,91,123,12,4,63,19
"hsa-miR-218-2-5p",1423,912,751,436,954,1328,698,1490,127,246,755,548
"hsa-miR-1295a-3p",0,0,0,0,0,0,0,1,0,0,0,0
"hsa-miR-197-3p",49,90,66,52,119,94,76,102,6,4,109,21
"hsa-miR-1287-5p",23,17,21,32,17,41,14,26,3,0,35,11
"hsa-miR-17-3p",16,11,13,4,16,11,13,15,2,0,20,5
"hsa-miR-345-5p",132,87,114,147,116,94,85,125,18,3,205,28
"hsa-miR-144-3p",0,2,0,0,1,1,0,2,0,0,6,1
"hsa-miR-3615-3p",252,345,1109,728,528,339,498,672,95,5,845,73
"hsa-miR-499a-5p",65,27,26,21,30,21,20,35,10,1,87,16
"hsa-miR-504-5p",2,0,0,10,4,2,0,10,0,2,1,1
