"","HEK_Exosome_PRTF_1","HEK_Exosome_SDPR_1","HEK_Exosome_CAV_1","HEK_Exosome_PN4.11_1","HEK_Exosome_PRKCA4_1","HEK_Exosome_SDPR_2","HEK_Exosome_PRTF_2","HEK_Exosome_CAV_2","HEK_Exosome_PN4.11_2","HEK_Exosome_PRKCA4_2","HEK_Exosome_SDPR_3","HEK_Exosome_PRTF_3","HEK_Exosome_CAV_3","HEK_Exosome_PN4.11_3","HEK_Exosome_PRKCA4_3"
"hsa-miR-590-3p",12,27,30,28,18,11,6,3,9,7,0,1,13,16,20
"hsa-miR-338-3p",3,2,0,0,3,0,0,0,0,1,0,0,2,0,6
"hsa-let-7f-2-5p",644,1017,279,1693,313,314,322,95,535,538,53,36,1533,681,1534
"hsa-miR-30c-2-3p",23,32,3,31,5,2,6,0,27,24,1,0,39,3,46
"hsa-miR-1254-1-5p",30,16,6,19,16,11,7,4,7,22,1,0,22,2,51
"hsa-miR-590-5p",3,0,0,4,0,3,0,0,1,0,0,0,4,0,0
"hsa-miR-4485-3p",6,12,1,17,1,1,6,0,21,7,8,0,292,21,429
"hsa-miR-1273d-3p",31,30,1,23,8,3,23,1,10,14,0,0,39,8,44
"hsa-miR-9-3-3p",107,89,4,60,29,5,14,2,9,15,1,1,53,4,36
"hsa-miR-8485-3p",19,0,1,39,0,0,53,0,37,35,8,0,34,0,21
"hsa-miR-4510-5p",1,1,0,1,0,1,0,0,1,0,0,0,1,1,1
"hsa-miR-548a-3-3p",5,13,0,7,1,1,7,0,3,4,0,0,5,0,1
"hsa-miR-195-5p",15,13,2,24,0,0,3,1,0,3,0,0,5,0,4
"hsa-miR-3176-3p",31,10,4,29,3,7,5,2,4,12,0,0,9,0,7
"hsa-miR-551b-5p",2,1,7,2,4,1,0,0,1,3,0,2,5,0,8
"hsa-let-7a-2-3p",0,0,0,0,0,0,0,0,0,0,0,0,0,1,0
"hsa-miR-422a-5p",45,26,22,23,25,8,13,1,7,17,0,0,13,9,22
"hsa-miR-4474-3p",15,4,3,11,7,0,1,1,1,1,0,0,1,1,4
"hsa-miR-3653-5p",0,1,0,4,0,3,0,0,0,1,0,0,0,0,2
"hsa-miR-3135b-3p",26,20,3,11,7,3,21,0,7,10,1,0,21,0,4
"hsa-miR-20a-5p",17499,17476,4824,23259,5707,2997,15078,1115,6974,15157,161,94,16953,1342,12244
"hsa-miR-1255a-5p",4,1,2,3,0,1,0,0,0,6,0,0,0,0,6
"hsa-miR-320b-1-3p",1299,765,1224,731,1689,398,224,159,91,276,51,9,274,200,602
"hsa-miR-455-3p",0,4,0,7,1,0,0,0,0,0,0,0,6,1,6
"hsa-miR-18b-5p",8,4,3,8,2,2,0,0,1,2,0,0,4,1,1
"hsa-miR-486-2-3p",2,2,0,1,0,1,0,1,1,1,0,0,4,0,2
"hsa-miR-500b-5p",3,8,4,5,1,6,1,0,2,2,0,2,4,0,4
"hsa-miR-3929-3p",83,124,5,51,6,2,64,2,43,70,1,0,81,5,53
"hsa-miR-548ar-3p",8,6,0,7,7,1,5,0,0,4,0,0,3,3,4
"hsa-miR-30d-5p",2867,1661,1003,2906,1399,315,867,145,936,1094,57,108,3619,960,2895
"hsa-miR-205-5p",4,11,0,51,2,0,1,12,2,9,7,4,98,152,8
"hsa-miR-1275-5p",0,1,1,0,1,0,0,0,0,1,0,0,0,1,8
"hsa-miR-320d-2-3p",301,167,151,232,159,55,55,18,10,50,8,0,62,22,76
"hsa-miR-573-5p",1,0,0,0,0,0,0,0,0,0,0,0,0,2,0
"hsa-miR-548an-5p",36,9,4,14,8,0,5,1,1,2,0,0,5,0,4
"hsa-miR-204-5p",6,11,7,8,3,1,1,0,0,0,1,0,11,3,13
"hsa-miR-320b-2-3p",1423,868,1282,878,1747,414,280,172,157,361,55,11,363,235,765
"hsa-miR-342-3p",25,43,25,74,14,18,25,1,20,26,1,1,30,6,24
"hsa-miR-548h-3-3p",15,16,9,14,12,10,4,3,4,11,0,0,12,6,14
"hsa-miR-24-2-5p",3,2,2,7,1,1,0,1,0,2,0,0,10,5,4
"hsa-miR-29c-5p",0,1,0,1,2,0,0,0,0,0,0,0,1,0,3
"hsa-miR-219a-1-3p",6,2,9,2,1,1,0,0,0,4,0,0,4,3,5
"hsa-miR-664a-5p",4,2,2,5,1,3,2,0,0,1,0,0,5,0,7
"hsa-miR-23b-5p",7,1,0,3,7,0,0,0,0,3,1,0,5,2,2
"hsa-miR-744-3p",7,10,12,12,13,2,8,0,1,9,0,0,8,0,7
"hsa-miR-619-5p",24,41,1,29,8,5,25,3,17,18,2,1,39,2,47
"hsa-let-7d-3p",8,5,3,2,2,0,0,1,1,2,0,0,17,5,4
"hsa-miR-4473-5p",2,1,0,3,0,0,1,0,3,1,0,0,0,0,2
"hsa-miR-502-5p",0,0,0,3,0,0,1,0,0,0,0,0,0,0,0
"hsa-miR-106a-5p",488,531,118,707,140,66,430,27,197,395,3,2,511,58,391
"hsa-miR-766-3p",1,1,0,4,0,2,1,0,2,0,1,0,0,3,0
"hsa-miR-1248-5p",0,0,1,1,0,0,0,0,0,0,0,0,0,1,5
"hsa-miR-1271-5p",21,15,4,31,2,7,13,0,2,9,1,0,18,3,25
"hsa-miR-15a-5p",165,114,11,104,22,9,18,2,11,22,2,0,93,5,47
"hsa-miR-1296-5p",25,19,28,21,31,18,3,5,4,7,1,0,20,7,38
"hsa-miR-5684-3p",9,16,0,9,2,5,10,1,7,9,0,0,26,3,26
"hsa-miR-93-5p",7912,8812,1497,9380,1750,1442,4789,303,2746,5165,67,44,5228,394,4746
"hsa-miR-3929-5p",8,14,2,6,2,2,16,0,7,7,0,0,23,0,17
"hsa-miR-502-3p",925,873,266,615,312,105,118,16,56,131,7,0,209,34,161
"hsa-miR-3677-3p",4,0,0,4,3,2,2,0,1,1,0,0,3,0,8
"hsa-miR-561-5p",21,5,13,22,34,20,8,1,10,2,1,0,13,8,29
"hsa-miR-151a-5p",31,16,48,160,111,58,7,15,12,21,7,2,63,54,46
"hsa-miR-7641-1-3p",100,223,38,255,73,47,460,18,476,218,24,0,207,36,141
"hsa-miR-9-2-3p",26,22,4,22,9,1,6,1,4,4,0,1,21,5,16
"hsa-miR-130a-5p",0,0,0,0,0,0,0,0,0,0,1,0,0,0,1
"hsa-miR-584-5p",5,10,1,9,0,1,2,1,1,2,0,1,7,12,1
"hsa-miR-423-5p",1256,936,1138,806,1545,537,293,203,126,370,44,16,396,232,583
"hsa-miR-500a-3p",956,990,298,720,377,126,144,19,63,150,7,3,258,30,214
"hsa-miR-200c-3p",9,12,13,66,12,6,11,1,6,3,14,2,19,1,13
"hsa-miR-629-5p",4882,3132,1642,2872,2625,686,580,174,365,542,25,2,639,169,749
"hsa-let-7i-5p",216,173,46,346,36,46,65,30,52,78,6,12,224,131,174
"hsa-miR-135b-5p",0,0,0,1,0,0,0,0,0,0,0,0,6,7,0
"hsa-miR-548ad-5p",49,28,9,39,17,14,16,0,3,18,0,0,18,1,23
"hsa-miR-486-1-5p",103,60,32,62,42,19,8,4,18,15,0,0,125,14,121
"hsa-miR-330-3p",48,56,39,55,60,36,33,11,23,49,5,2,92,21,89
"hsa-miR-23a-3p",83,135,30,112,24,17,23,12,21,41,2,1,122,38,86
"hsa-miR-1273a-5p",51,44,9,54,19,26,31,3,27,58,3,3,80,14,103
"hsa-miR-7976-5p",7,2,0,5,1,1,0,0,2,1,0,0,1,0,7
"hsa-miR-374b-3p",4,13,0,13,15,2,0,1,9,1,1,1,20,5,11
"hsa-miR-5683-5p",0,2,0,4,0,2,3,0,1,0,0,0,0,0,0
"hsa-miR-548ay-5p",71,40,21,62,28,19,28,0,11,39,2,0,31,3,44
"hsa-miR-450a-2-5p",75,52,68,62,150,52,15,12,9,14,21,0,74,80,93
"hsa-miR-628-5p",9,12,6,5,4,1,8,0,3,1,0,0,6,0,6
"hsa-miR-21-5p",4867,6170,3168,12937,4029,2371,1214,1151,1575,2257,1248,315,15862,9702,5826
"hsa-miR-365b-3p",36,35,7,19,17,2,7,0,1,3,0,0,11,14,6
"hsa-miR-1973-3p",0,1,1,0,0,0,1,0,0,0,0,0,11,0,27
"hsa-let-7f-2-3p",9,3,18,1,18,1,1,3,1,1,0,0,4,1,6
"hsa-miR-1260b-5p",12,12,4,8,1,1,3,1,11,7,0,1,10,4,25
"hsa-miR-6747-3p",17,8,1,9,2,1,2,0,2,4,0,0,29,4,32
"hsa-miR-181d-5p",96,92,41,51,61,27,23,3,6,27,6,0,49,9,60
"hsa-miR-129-2-5p",134,71,56,34,105,13,18,12,6,13,0,0,18,8,23
"hsa-miR-582-3p",41,52,49,62,63,32,16,12,8,26,3,2,27,13,32
"hsa-miR-1307-3p",575,394,415,366,574,155,136,55,137,157,31,5,458,217,788
"hsa-miR-365a-3p",36,35,7,19,17,2,7,0,1,3,0,0,11,14,6
"hsa-miR-3691-5p",4,1,1,4,1,3,1,0,2,0,1,0,3,0,6
"hsa-miR-1226-3p",4,4,3,8,6,1,1,0,13,5,0,0,69,9,28
"hsa-miR-1273c-3p",13,12,12,5,13,6,7,2,2,5,0,0,12,1,10
"hsa-miR-708-3p",77,33,58,45,72,14,9,14,11,21,6,0,56,26,79
"hsa-miR-10b-3p",152,109,4,55,13,10,8,2,9,25,1,0,47,2,37
"hsa-miR-18a-3p",45,38,9,33,19,2,12,4,6,7,1,0,39,4,29
"hsa-miR-548e-3p",153,121,41,103,45,28,62,13,15,52,1,0,89,12,68
"hsa-miR-27a-5p",2,9,2,49,4,2,5,0,8,9,0,0,4,3,9
"hsa-miR-320c-1-3p",801,450,498,464,624,130,118,60,37,126,19,3,125,70,212
"hsa-miR-152-3p",436,369,61,431,102,35,69,9,28,54,3,0,120,11,112
"hsa-miR-937-3p",13,3,5,4,1,1,0,0,3,0,0,0,10,1,6
"hsa-miR-6126-5p",1,4,1,1,3,0,3,1,1,2,6,0,26,3,45
"hsa-miR-574-5p",39,53,84,31,119,30,3,6,0,5,2,1,12,11,30
"hsa-miR-760-3p",170,127,132,110,237,22,22,19,12,43,6,0,62,42,98
"hsa-miR-1285-1-3p",33,36,19,48,21,15,10,2,15,16,2,0,21,7,25
"hsa-miR-148a-3p",47900,45729,38130,39430,59973,11338,6094,4988,1221,4484,2415,188,23979,7554,27288
"hsa-miR-99b-5p",3597,2109,681,1708,1177,266,414,82,436,589,68,13,2850,450,2306
"hsa-miR-935-3p",4,4,3,4,7,2,3,1,1,1,1,1,6,0,1
"hsa-miR-548j-5p",2,1,0,2,7,0,3,0,2,2,0,0,3,1,4
"hsa-miR-22-5p",24,31,8,7,21,18,10,5,8,14,2,0,9,4,13
"hsa-miR-92a-1-5p",17,20,16,30,14,2,6,1,15,7,2,1,45,6,84
"hsa-miR-548ab-5p",29,26,6,16,8,8,8,0,4,11,2,1,20,7,9
"hsa-miR-3065-5p",4,3,0,3,2,6,0,0,2,1,0,0,10,0,3
"hsa-miR-548u-3p",10,4,5,8,10,4,5,3,4,8,0,0,3,1,9
"hsa-miR-296-5p",19,14,10,13,12,2,2,0,3,9,0,0,7,3,3
"hsa-miR-19a-3p",396,248,222,339,274,110,102,20,56,76,8,4,182,36,173
"hsa-miR-1301-3p",124,108,57,180,40,11,22,5,26,38,2,1,69,0,54
"hsa-miR-361-5p",556,404,55,283,89,18,82,11,91,106,2,1,201,14,147
"hsa-miR-183-5p",690,860,237,940,233,197,237,38,299,347,17,15,1129,195,890
"hsa-miR-1226-5p",5,3,3,8,3,5,0,2,2,4,1,0,6,2,26
"hsa-miR-128-2-3p",5388,2967,2708,2924,5479,640,670,343,457,934,473,30,4364,2153,5767
"hsa-miR-7-1-3p",5,12,0,5,0,0,3,0,2,3,0,0,5,0,6
"hsa-miR-454-5p",25,35,11,29,23,2,10,2,15,11,0,0,53,6,38
"hsa-miR-181a-1-5p",726,612,258,607,488,228,185,45,154,287,35,9,534,191,648
"hsa-miR-30c-1-3p",1,2,1,4,0,1,2,1,1,0,0,0,3,0,6
"hsa-miR-628-3p",6,7,3,6,2,0,5,0,4,2,0,0,11,0,9
"hsa-miR-301a-5p",15,23,10,26,15,12,4,3,6,8,3,0,15,10,24
"hsa-miR-2110-3p",9,6,4,9,3,0,2,0,1,1,1,0,29,4,15
"hsa-miR-3928-3p",18,10,2,7,1,2,7,3,2,9,1,0,14,0,7
"hsa-miR-409-3p",7,3,6,3,2,3,2,0,3,2,0,0,6,2,19
"hsa-miR-222-5p",1,2,5,8,2,0,3,0,2,5,1,0,20,1,29
"hsa-miR-4664-3p",14,3,12,4,19,14,2,2,2,1,1,0,4,2,14
"hsa-let-7e-5p",46,106,60,111,50,15,16,11,32,45,5,3,115,68,152
"hsa-miR-532-5p",2960,2287,2380,1771,3231,1257,659,466,371,794,145,30,1536,901,2079
"hsa-miR-574-3p",4,14,2,6,3,4,3,1,2,3,0,0,8,0,1
"hsa-miR-500a-5p",3,8,4,5,1,6,1,0,2,2,0,2,4,0,4
"hsa-miR-383-5p",1,2,2,1,5,0,0,0,3,2,0,0,0,0,1
"hsa-miR-3687-2-3p",3,0,0,1,1,0,0,0,0,0,0,0,1,0,1
"hsa-miR-6131-3p",495,464,60,481,168,210,657,9,320,483,10,3,354,31,401
"hsa-miR-3613-5p",73,107,134,117,177,80,20,12,29,30,13,1,90,53,75
"hsa-miR-3611-3p",0,6,2,7,1,0,6,0,1,2,1,0,4,0,3
"hsa-miR-10a-5p",24086,16679,11541,17124,19367,4108,2750,1320,3394,5166,1236,289,18084,7490,19960
"hsa-miR-331-3p",27,13,11,28,13,2,3,1,5,5,1,1,13,7,18
"hsa-miR-378d-2-5p",300,111,214,170,161,78,74,24,43,63,5,0,94,36,153
"hsa-miR-29a-5p",0,0,0,0,0,0,0,0,0,0,0,0,0,0,0
"hsa-miR-365a-5p",2,2,1,2,0,4,1,0,0,0,0,0,3,0,1
"hsa-miR-3913-2-5p",2,2,0,2,4,2,0,2,0,1,0,0,3,0,1
"hsa-miR-6500-3p",10,6,2,5,3,10,2,1,1,3,0,0,3,0,0
"hsa-miR-4419a-3p",29,22,0,13,4,1,11,0,8,9,0,0,19,1,19
"hsa-miR-186-5p",979,818,569,977,784,506,507,168,325,454,46,10,851,285,1256
"hsa-miR-217-5p",47,33,11,46,18,9,6,0,2,3,0,0,8,1,7
"hsa-miR-3934-5p",8,3,0,1,1,2,1,0,0,1,0,0,0,0,2
"hsa-miR-331-5p",58,50,12,25,8,2,13,2,7,8,1,0,20,7,26
"hsa-miR-24-2-3p",3052,2295,465,2213,584,86,307,91,92,247,19,6,577,183,433
"hsa-miR-1276-5p",10,5,0,3,3,0,0,0,0,1,0,0,10,1,2
"hsa-miR-199a-1-5p",1,4,2,4,0,1,2,0,1,0,0,0,1,0,5
"hsa-miR-548g-5p",5,4,0,3,0,2,1,1,0,2,0,0,2,2,2
"hsa-miR-1268a-5p",3,4,0,4,0,3,2,0,5,4,0,0,9,2,17
"hsa-miR-522-3p",0,1,0,0,0,0,1,0,0,0,0,0,0,0,0
"hsa-miR-375-3p",31,11,22,54,21,8,7,5,2,6,13,6,31,24,18
"hsa-miR-548aq-3p",15,16,9,14,12,9,4,3,4,11,0,0,12,6,15
"hsa-miR-4497-5p",11,104,8,50,13,13,27,13,25,71,2,0,30,8,47
"hsa-miR-598-3p",76,90,45,68,72,23,25,9,19,28,3,0,49,18,69
"hsa-let-7c-5p",116,146,86,157,112,76,42,21,39,67,12,6,111,59,246
"hsa-miR-4459-3p",5,8,1,1,3,4,4,1,3,4,2,0,18,4,23
"hsa-miR-25-5p",16,39,23,54,11,5,10,3,14,21,0,0,67,11,85
"hsa-miR-421-3p",233,170,96,228,96,19,63,16,41,62,3,0,200,21,134
"hsa-miR-4677-3p",15,16,3,13,7,1,1,0,0,2,0,0,13,6,7
"hsa-miR-93-3p",36,33,7,34,8,3,15,1,13,11,0,0,54,5,51
"hsa-miR-5585-3p",3,9,3,5,0,0,6,0,3,2,0,0,10,3,6
"hsa-miR-98-5p",12,24,4,47,2,3,5,5,8,8,5,1,38,19,30
"hsa-miR-556-5p",1,2,0,1,0,0,0,0,1,1,0,0,1,0,1
"hsa-let-7a-1-3p",84,52,57,49,136,15,9,14,14,22,8,2,69,49,48
"hsa-miR-149-5p",20,44,14,20,22,2,7,2,13,16,2,0,50,12,49
"hsa-miR-151b-3p",12,5,12,26,24,16,2,3,1,7,2,1,13,6,6
"hsa-miR-33a-5p",8,12,13,17,11,3,5,0,3,6,1,0,5,6,14
"hsa-miR-3909-3p",9,6,1,5,2,0,7,0,1,1,0,0,13,1,13
"hsa-miR-28-5p",69,86,11,122,16,10,28,7,14,56,0,0,100,13,75
"hsa-miR-185-5p",272,333,91,404,89,68,191,34,108,257,5,3,248,51,345
"hsa-let-7f-1-3p",0,0,1,1,0,0,0,0,0,0,0,0,1,1,1
"hsa-miR-374a-3p",18,17,39,34,54,37,4,6,7,13,4,0,32,29,42
"hsa-miR-378c-5p",6604,3330,1847,3963,2781,1392,1610,426,730,1649,103,11,1893,776,2974
"hsa-miR-10a-3p",741,393,94,306,173,26,58,22,46,103,9,1,233,53,202
"hsa-miR-1307-5p",101,40,103,59,117,25,18,21,9,21,7,2,49,56,112
"hsa-miR-31-5p",137,175,45,222,22,26,22,4,45,50,0,0,149,39,123
"hsa-miR-6868-3p",3,4,3,0,4,0,0,0,0,0,0,0,1,0,1
"hsa-miR-378f-3p",109,49,41,68,36,11,21,5,9,17,2,0,47,20,54
"hsa-miR-320e-3p",346,201,68,288,97,12,59,10,7,59,10,2,86,19,64
"hsa-miR-374b-5p",45,119,59,170,40,46,29,11,46,43,4,4,100,47,73
"hsa-miR-1910-5p",7,2,1,1,1,0,0,0,1,0,0,0,10,1,3
"hsa-miR-6723-3p",1,1,0,2,0,8,3,0,12,0,0,0,3,1,20
"hsa-let-7b-3p",0,3,1,3,0,0,0,0,1,0,0,0,3,2,0
"hsa-miR-193b-3p",16,29,16,23,26,13,6,3,6,6,1,0,8,7,11
"hsa-miR-378i-5p",1913,1225,671,1283,1117,530,451,127,270,440,45,10,679,324,947
"hsa-miR-4284-5p",0,1,1,1,0,0,0,0,0,1,0,0,5,2,8
"hsa-miR-543-3p",3,1,2,1,12,1,0,1,0,0,1,0,14,5,16
"hsa-miR-4461-3p",3,8,1,9,0,14,7,1,17,8,0,0,38,4,62
"hsa-miR-218-1-5p",5087,8260,6694,6579,7666,7604,2063,2467,1302,1839,790,170,3660,2764,6808
"hsa-miR-21-3p",20,15,10,61,27,5,4,1,3,3,3,0,21,19,9
"hsa-miR-193b-5p",10,11,15,4,9,1,2,1,0,0,0,0,9,2,4
"hsa-miR-548d-1-3p",4,2,1,2,0,2,1,0,2,2,1,0,9,0,8
"hsa-miR-130b-5p",84,32,29,30,29,4,15,6,21,24,8,0,313,48,249
"hsa-miR-29c-3p",30,15,18,19,21,5,5,0,2,6,0,0,6,3,7
"hsa-miR-4286-5p",1,2,3,16,4,3,3,0,2,2,0,0,4,4,8
"hsa-miR-625-3p",86,47,8,62,13,10,21,1,22,14,1,2,55,5,47
"hsa-miR-24-1-3p",3054,2296,473,2214,590,88,308,93,93,247,19,6,577,184,433
"hsa-miR-3648-2-3p",2,6,10,3,13,54,9,10,11,24,4,0,11,2,69
"hsa-miR-7641-2-5p",112,282,120,250,126,199,214,54,171,317,20,0,210,60,202
"hsa-miR-424-5p",365,204,41,175,77,5,26,4,14,34,0,1,102,17,78
"hsa-miR-548am-3p",4,3,0,6,4,2,1,1,2,4,0,0,0,1,1
"hsa-miR-652-3p",205,152,64,183,55,47,32,18,29,61,1,1,84,13,99
"hsa-miR-138-1-5p",10,13,14,15,6,6,5,3,0,1,0,0,3,0,6
"hsa-miR-3913-1-5p",2,2,0,2,4,2,0,2,0,1,0,0,3,0,2
"hsa-miR-3912-3p",4,4,0,1,4,0,1,1,5,4,1,0,1,4,6
"hsa-miR-128-1-5p",3,2,0,6,0,0,2,1,2,1,0,0,5,0,7
"hsa-miR-4683-3p",0,2,0,0,0,0,0,0,0,0,0,0,1,0,0
"hsa-miR-629-3p",1,1,2,1,0,2,1,0,1,1,0,0,7,0,1
"hsa-miR-195-3p",3,2,11,6,11,6,2,0,1,2,0,0,10,5,18
"hsa-miR-548x-3p",0,0,0,0,0,0,0,0,0,0,0,0,0,2,1
"hsa-miR-585-3p",1,0,0,1,0,0,0,0,0,2,0,0,0,0,0
"hsa-let-7c-3p",0,1,1,1,2,0,0,0,0,0,0,0,2,0,1
"hsa-miR-3919-3p",0,0,0,0,0,0,0,0,0,0,0,0,0,1,1
"hsa-miR-671-5p",21,18,16,27,22,11,4,1,5,9,1,1,16,3,10
"hsa-miR-218-1-3p",21,23,2,12,6,2,6,0,1,3,1,0,6,1,9
"hsa-miR-5100-3p",5,7,5,8,3,0,3,0,4,4,2,0,18,3,18
"hsa-miR-486-1-3p",2,2,0,1,0,1,0,1,1,1,0,0,4,0,2
"hsa-miR-125a-3p",53,30,12,16,18,5,6,0,6,9,1,0,15,2,15
"hsa-miR-676-3p",84,37,21,38,48,3,15,7,5,9,1,0,38,4,26
"hsa-miR-887-3p",1,2,3,3,4,1,1,0,1,1,0,0,0,0,3
"hsa-miR-484-5p",1789,1139,167,887,132,74,161,24,87,230,2,3,895,31,549
"hsa-miR-3143-5p",4,5,4,3,2,2,2,0,0,0,0,0,2,0,3
"hsa-miR-27b-5p",3,4,3,6,2,4,2,0,1,1,0,0,9,2,6
"hsa-miR-24-1-5p",0,3,0,0,1,0,0,0,0,0,0,0,2,0,3
"hsa-miR-126-3p",73,107,14,155,6,11,21,5,36,59,1,1,202,11,237
"hsa-miR-7-3-5p",5763,3534,1333,6399,1917,1990,3190,300,2358,2754,71,56,4165,617,3889
"hsa-miR-548ag-2-5p",2,1,0,1,1,0,1,0,2,0,0,0,2,1,0
"hsa-miR-32-3p",5,8,2,8,6,2,0,0,3,3,0,0,10,4,10
"hsa-miR-4467-5p",7,7,1,9,7,1,2,0,3,2,0,0,8,3,8
"hsa-miR-216b-5p",18,15,8,12,5,1,2,1,1,8,0,0,1,1,5
"hsa-miR-576-5p",18,8,13,13,13,3,4,6,10,7,2,1,17,7,13
"hsa-miR-6516-3p",12,23,1,17,3,2,19,0,10,16,0,0,10,0,7
"hsa-miR-1304-5p",21,9,8,26,6,0,14,1,2,12,1,0,9,3,6
"hsa-miR-29a-3p",506,359,244,472,376,38,72,31,22,68,8,4,193,160,106
"hsa-miR-548f-1-3p",6,7,9,13,20,5,1,3,1,5,1,0,5,4,7
"hsa-miR-16-1-5p",726,618,69,663,62,25,107,10,43,100,5,3,265,27,198
"hsa-let-7a-3-3p",85,53,57,49,136,15,9,14,15,22,8,2,70,49,49
"hsa-miR-216a-3p",1,2,0,0,0,0,0,0,0,0,0,0,1,0,1
"hsa-miR-140-3p",805,880,476,926,545,320,259,47,241,335,15,8,577,134,627
"hsa-miR-548x-5p",5,4,0,3,0,2,1,1,0,2,0,0,2,2,2
"hsa-miR-30a-3p",249,213,125,185,173,145,72,29,83,92,16,3,297,85,369
"hsa-miR-187-3p",4,1,3,3,3,1,0,0,1,0,0,0,1,0,4
"hsa-miR-651-5p",7,2,0,3,1,6,1,0,3,1,0,0,2,0,2
"hsa-miR-182-3p",12,7,4,10,10,0,2,2,0,1,0,0,3,3,7
"hsa-miR-181b-1-5p",887,604,274,506,403,141,203,42,144,246,12,3,412,129,449
"hsa-miR-196a-2-5p",1404,843,225,690,428,103,177,26,85,203,18,0,673,78,655
"hsa-miR-1273e-3p",31,45,3,45,11,7,14,4,13,22,0,0,46,5,34
"hsa-miR-1269a-3p",0,0,0,0,0,0,0,0,0,0,0,0,0,1,2
"hsa-miR-542-3p",222,180,39,164,75,28,46,12,15,29,3,2,71,22,75
"hsa-miR-26b-3p",2,2,1,1,0,0,0,0,2,1,0,0,2,0,1
"hsa-miR-9-3-5p",318,338,345,331,799,261,64,69,54,102,33,12,220,110,274
"hsa-miR-1-2-3p",14,17,4,8,8,9,7,2,3,12,0,0,17,0,11
"hsa-miR-106b-5p",402,538,172,657,213,146,205,45,195,341,18,8,586,143,635
"hsa-miR-548f-4-3p",5,5,4,10,12,5,1,3,0,4,1,0,3,4,5
"hsa-miR-301a-3p",4,6,3,12,7,2,0,0,2,3,1,0,2,1,8
"hsa-miR-191-3p",11,13,3,5,10,0,3,0,2,2,1,0,7,1,13
"hsa-miR-548l-5p",7,2,4,3,11,2,4,0,0,6,1,0,9,5,14
"hsa-miR-224-5p",371,355,263,320,283,105,67,33,27,87,5,1,326,64,281
"hsa-miR-550a-3-5p",11,13,1,7,9,3,2,1,4,3,0,0,2,3,11
"hsa-miR-582-5p",4,8,0,3,3,4,0,4,1,3,1,0,5,0,5
"hsa-miR-548h-1-5p",9,12,11,14,26,6,6,6,1,7,3,0,15,2,6
"hsa-miR-615-3p",890,393,208,279,433,24,61,16,25,100,59,2,892,242,641
"hsa-miR-100-5p",313,1279,153,1251,166,54,153,417,132,284,174,138,4691,4042,455
"hsa-miR-4485-5p",1,2,0,3,0,1,0,0,1,1,0,0,11,0,8
"hsa-miR-1247-3p",0,0,0,0,0,0,0,0,0,0,0,0,0,0,0
"hsa-miR-4448-3p",59,45,33,66,91,241,219,19,186,207,6,0,141,26,254
"hsa-miR-4454-5p",13,10,5,18,3,2,2,0,0,4,1,1,16,11,14
"hsa-miR-378h-5p",31,13,7,10,15,3,11,3,5,10,0,0,11,2,12
"hsa-miR-363-3p",37,61,17,19,19,10,7,1,10,12,1,1,24,9,22
"hsa-miR-7974-3p",0,0,15,5,2,0,0,3,1,1,0,2,6,12,1
"hsa-miR-641-3p",2,2,8,3,13,5,3,2,0,1,0,0,2,0,3
"hsa-miR-219a-1-5p",3,2,1,1,1,0,0,0,0,1,0,0,1,0,1
"hsa-miR-103a-1-3p",4679,5405,919,6737,1275,409,1170,88,2076,2038,70,70,6122,574,5102
"hsa-miR-4429-5p",6,1,7,1,8,0,1,0,2,2,1,0,0,1,2
"hsa-miR-98-3p",1,1,1,2,0,0,0,0,0,0,0,0,1,0,0
"hsa-miR-130a-3p",32,33,3,10,7,2,2,0,2,1,1,0,9,0,2
"hsa-miR-548h-4-5p",10,12,11,14,26,6,6,6,1,7,3,0,15,2,6
"hsa-miR-28-3p",459,328,100,325,126,72,74,10,59,88,7,1,288,34,271
"hsa-miR-15b-3p",397,302,123,217,171,68,61,14,40,61,7,0,138,25,115
"hsa-miR-128-1-3p",5433,2995,2744,2970,5519,651,676,347,462,945,474,32,4412,2172,5830
"hsa-miR-4443-5p",0,0,0,0,0,0,0,0,0,0,0,0,1,0,0
"hsa-miR-3135a-3p",6,15,2,3,2,1,9,0,4,1,0,0,7,3,3
"hsa-miR-205-3p",0,0,0,0,0,0,0,0,0,0,0,0,0,2,0
"hsa-miR-142-5p",4,3,3,6,2,1,2,0,1,4,1,0,14,2,20
"hsa-miR-381-3p",1,3,8,6,3,5,1,1,4,4,0,0,7,2,13
"hsa-miR-130b-3p",178,114,34,103,61,12,25,5,8,18,1,0,41,5,31
"hsa-miR-4521-5p",5,17,14,27,6,7,1,10,10,5,2,6,30,18,14
"hsa-miR-92a-2-3p",29745,13512,11421,13700,21318,3464,3317,1200,2405,3125,592,135,26428,3915,10376
"hsa-miR-505-3p",51,50,29,42,20,6,7,1,11,9,1,0,94,10,76
"hsa-miR-296-3p",132,165,85,216,109,68,60,22,57,63,3,1,84,36,145
"hsa-miR-548ah-3p",4,3,2,6,1,4,1,3,1,2,0,0,0,2,3
"hsa-miR-503-5p",573,396,125,334,182,48,114,24,47,104,3,2,245,40,164
"hsa-miR-5095-5p",5,7,1,2,2,1,3,0,0,1,0,0,8,2,11
"hsa-miR-6087-5p",4,3,1,7,1,0,6,0,4,5,0,0,4,0,20
"hsa-miR-30b-3p",1,3,0,0,0,0,0,0,0,0,0,0,0,0,2
"hsa-miR-429-3p",2,17,3,418,2,1,2,14,2,5,2,3,103,123,6
"hsa-miR-185-3p",10,14,8,14,15,4,5,0,5,4,0,0,22,2,14
"hsa-miR-32-5p",306,136,121,137,197,29,36,10,41,51,4,3,68,39,94
"hsa-miR-301b-5p",1,2,3,2,3,0,2,0,0,0,0,0,3,0,2
"hsa-miR-1268a-3p",13,12,0,7,0,1,7,0,7,3,0,0,13,4,11
"hsa-miR-941-1-3p",74,36,78,97,71,40,18,2,30,20,3,0,79,19,122
"hsa-miR-378e-3p",65,42,24,48,24,21,19,4,16,21,2,0,30,9,58
"hsa-miR-3158-2-3p",15,18,2,17,0,7,9,2,5,4,0,0,16,3,11
"hsa-miR-6866-5p",4,5,1,4,3,2,0,0,0,1,0,0,6,1,2
"hsa-miR-22-3p",7146,6360,1163,4398,2059,389,762,92,346,709,25,12,767,188,564
"hsa-miR-31-3p",0,1,0,4,0,1,0,0,0,0,0,0,4,1,0
"hsa-miR-8485-5p",3,6,4,0,6,2,2,0,1,0,0,0,0,2,1
"hsa-miR-4741-3p",7,2,3,4,1,1,2,2,0,0,0,0,0,1,4
"hsa-miR-1304-3p",110,81,31,64,48,32,46,15,38,40,2,0,65,15,78
"hsa-miR-548b-5p",30,15,8,29,12,3,6,0,6,14,1,0,14,2,21
"hsa-miR-9-2-5p",318,338,345,331,799,261,64,69,54,102,33,12,220,110,274
"hsa-miR-548o-3p",58,67,48,62,61,57,45,21,22,44,3,0,39,20,60
"hsa-miR-335-3p",1,0,1,43,1,1,1,0,1,1,0,0,4,3,1
"hsa-miR-30d-3p",15,5,4,18,12,12,3,1,1,5,0,0,9,2,13
"hsa-miR-548f-5-3p",7,3,4,2,8,4,1,7,1,1,0,0,0,1,2
"hsa-miR-4746-5p",13,7,6,8,10,3,4,3,5,11,0,1,5,1,7
"hsa-miR-125a-5p",2192,1887,293,1743,433,40,250,43,141,240,19,2,1835,124,1259
"hsa-miR-362-5p",23,23,34,41,30,13,6,3,12,15,1,0,41,15,41
"hsa-miR-497-5p",45,26,12,33,36,8,4,1,3,8,0,0,21,0,9
"hsa-miR-3662-3p",0,0,0,0,0,0,0,0,0,0,0,0,0,1,0
"hsa-miR-4473-3p",7,4,5,6,6,1,3,0,1,1,1,0,10,3,6
"hsa-miR-6510-3p",0,0,0,0,0,0,0,0,1,0,0,0,0,1,0
"hsa-miR-26a-2-5p",2349,3617,1655,3776,1810,630,659,219,952,1490,153,90,4520,1134,4557
"hsa-miR-330-5p",36,13,15,9,8,4,5,2,5,2,0,0,13,8,14
"hsa-miR-934-5p",0,2,0,1,0,0,0,0,0,0,0,0,1,2,0
"hsa-let-7f-1-5p",626,989,277,1658,311,309,315,95,526,529,52,34,1503,671,1507
"hsa-miR-548o-2-3p",58,67,48,62,61,57,45,21,22,44,3,0,39,20,60
"hsa-miR-27a-3p",749,479,196,538,261,129,80,53,62,126,20,6,430,247,288
"hsa-miR-874-3p",18,11,3,11,13,3,5,1,3,2,0,1,15,7,27
"hsa-miR-188-5p",26,22,7,11,3,6,2,2,4,8,1,0,7,1,6
"hsa-miR-3118-2-3p",26,3,4,7,4,0,1,1,0,1,0,1,2,2,4
"hsa-miR-1224-5p",11,4,7,5,5,1,3,0,1,0,1,0,0,0,1
"hsa-miR-378d-1-3p",299,112,258,173,178,71,69,28,44,59,7,0,90,42,153
"hsa-miR-1246-5p",41204,35111,11208,17921,26183,17737,12718,3355,5716,19667,1966,36,24717,8611,17288
"hsa-miR-550a-3-3p",1,0,0,1,0,0,0,0,0,0,0,0,0,0,1
"hsa-miR-374a-5p",36,22,9,39,27,13,9,4,7,12,1,1,25,17,30
"hsa-miR-335-5p",9,7,2,3,1,0,1,0,0,1,0,0,8,2,12
"hsa-miR-212-5p",19,12,12,17,37,4,2,3,3,5,1,0,13,2,7
"hsa-miR-23b-3p",54,63,18,83,23,15,16,6,24,24,1,1,89,21,83
"hsa-miR-143-3p",74,58,123,127,50,78,33,9,84,80,4,2,234,27,283
"hsa-miR-320c-2-3p",432,259,229,302,283,55,79,31,21,80,12,2,89,42,132
"hsa-miR-1306-5p",1,1,0,0,0,0,0,0,0,0,0,0,10,0,6
"hsa-miR-6087-3p",23,25,5,17,18,8,13,4,25,26,4,0,51,13,78
"hsa-miR-641-5p",15,17,5,20,17,8,7,0,19,18,1,0,21,4,30
"hsa-miR-550a-2-5p",12,15,1,11,9,3,2,1,8,3,0,0,6,3,16
"hsa-miR-1303-5p",13,9,5,22,6,4,8,1,16,14,0,0,21,0,17
"hsa-miR-148b-3p",4224,3228,1480,4225,2071,889,607,255,179,459,78,23,1527,312,1366
"hsa-miR-4459-5p",16,17,3,18,1,2,2,1,3,12,1,0,20,2,30
"hsa-miR-135b-3p",0,1,0,0,0,0,0,0,0,0,0,0,1,0,0
"hsa-let-7g-5p",381,618,157,874,150,194,292,52,329,415,15,16,822,322,805
"hsa-miR-4516-5p",1,4,5,4,8,3,2,0,3,2,3,0,6,4,15
"hsa-miR-346-5p",21,15,4,10,5,0,1,0,0,2,0,0,58,0,18
"hsa-miR-1254-2-5p",10,6,7,7,5,0,3,0,3,2,0,0,5,1,5
"hsa-miR-873-3p",5,0,0,1,0,0,1,0,0,0,0,0,1,0,0
"hsa-miR-328-3p",223,124,34,64,145,9,15,12,9,15,23,0,284,67,219
"hsa-miR-222-3p",556,500,188,441,213,81,54,12,101,112,16,5,1136,147,641
"hsa-miR-708-5p",132,91,19,147,27,12,47,5,22,53,0,3,117,13,84
"hsa-miR-9-1-5p",318,338,345,331,799,261,64,69,54,102,33,12,220,110,274
"hsa-miR-148b-5p",7,7,2,20,17,7,8,0,5,10,1,0,19,12,11
"hsa-miR-548h-5-5p",9,12,11,14,26,6,6,6,1,7,3,0,15,2,6
"hsa-miR-27b-3p",1757,1431,466,1707,481,411,377,115,257,493,25,17,1086,284,1005
"hsa-miR-378g-5p",51,21,18,25,23,8,5,3,6,17,1,0,19,9,25
"hsa-miR-33a-3p",0,1,1,1,0,0,0,1,0,0,0,0,5,0,6
"hsa-miR-1262-5p",14,13,4,5,8,3,5,0,2,3,0,0,8,1,9
"hsa-miR-146b-3p",2,3,0,1,1,0,0,0,0,0,0,0,3,0,1
"hsa-miR-3173-5p",5,1,0,3,0,0,0,0,0,1,0,0,8,0,2
"hsa-miR-1273f-5p",63,43,10,28,26,23,24,15,17,42,8,0,75,9,162
"hsa-miR-190a-5p",1,1,0,0,1,0,0,0,0,0,0,0,1,1,0
"hsa-miR-548d-1-5p",67,38,16,52,25,18,28,0,8,34,1,0,28,3,36
"hsa-miR-203a-3p",79,32,8,91,27,10,12,10,9,19,6,2,47,24,58
"hsa-miR-19b-2-3p",553,301,303,466,304,184,149,20,128,118,9,7,219,68,211
"hsa-miR-556-3p",1,1,0,0,1,2,1,0,0,0,0,0,0,1,0
"hsa-miR-592-5p",90,32,82,69,79,2,6,3,5,1,1,0,30,9,19
"hsa-miR-181a-1-3p",21,15,24,28,43,17,1,4,9,11,3,0,27,9,44
"hsa-miR-618-5p",17,9,11,31,14,2,2,1,4,12,0,0,13,5,20
"hsa-miR-580-3p",2,4,0,2,1,0,1,0,1,1,0,0,2,0,1
"hsa-miR-1269b-5p",3,0,2,5,1,0,0,0,0,1,0,0,4,2,8
"hsa-miR-1180-3p",619,264,488,297,699,108,94,76,59,120,37,1,373,261,639
"hsa-miR-488-3p",0,2,3,1,3,0,1,0,0,0,0,0,0,0,1
"hsa-miR-3919-5p",3,0,0,0,0,0,0,0,0,0,0,0,0,0,0
"hsa-miR-3150a-5p",3,0,0,0,0,0,0,0,0,0,0,0,1,0,1
"hsa-miR-3074-5p",5,1,2,5,4,0,0,0,1,1,0,0,2,0,6
"hsa-miR-548x-2-3p",0,0,0,0,0,0,0,0,0,0,0,0,0,1,0
"hsa-miR-548b-3p",10,2,6,8,4,6,2,1,1,0,0,0,2,1,8
"hsa-miR-566-3p",33,23,7,31,16,4,19,3,8,30,1,0,48,13,51
"hsa-miR-148a-5p",57,43,37,36,38,37,10,4,11,18,7,3,64,41,63
"hsa-miR-194-1-5p",30,18,6,109,7,1,16,4,12,7,1,0,29,2,26
"hsa-let-7a-1-5p",896,1459,471,1460,582,284,282,102,447,579,77,29,1659,560,2351
"hsa-miR-548h-3-5p",10,12,11,14,26,6,6,6,1,7,3,0,15,2,6
"hsa-miR-4787-3p",5,2,3,0,2,2,1,0,1,2,0,0,1,0,2
"hsa-let-7a-3-5p",907,1458,472,1466,584,290,287,103,450,582,77,29,1673,567,2372
"hsa-miR-210-3p",202,217,69,216,104,19,26,8,14,39,3,0,74,12,62
"hsa-miR-181a-2-3p",26,36,3,19,19,4,7,2,5,5,1,0,28,4,25
"hsa-miR-29b-2-3p",19,19,13,75,6,9,5,1,3,8,2,0,14,9,8
"hsa-miR-548k-5p",17,18,22,31,25,14,7,6,10,16,2,1,28,12,45
"hsa-miR-99a-5p",10562,3625,2873,2679,6091,605,839,399,511,1049,419,18,3753,2001,6390
"hsa-miR-5010-3p",1,1,1,2,0,1,0,1,1,0,0,0,2,5,1
"hsa-miR-3118-4-3p",26,3,4,7,4,0,1,1,0,1,0,1,2,2,4
"hsa-miR-566-5p",11,12,1,4,1,6,11,1,2,4,0,0,9,0,3
"hsa-miR-548az-5p",6,8,1,5,0,1,0,0,1,0,0,0,4,1,6
"hsa-miR-34c-3p",2,3,0,2,1,0,0,0,0,0,0,0,1,0,0
"hsa-miR-5582-3p",0,1,0,1,0,1,1,0,1,1,0,0,0,0,1
"hsa-miR-16-2-3p",841,779,348,581,591,238,180,50,207,267,50,3,780,169,802
"hsa-miR-212-3p",0,1,0,1,0,1,2,0,1,2,0,0,0,2,1
"hsa-miR-551b-3p",2,0,1,4,0,0,0,0,0,0,0,0,1,1,3
"hsa-miR-151a-3p",1401,750,497,1402,648,297,373,117,273,409,32,19,901,424,1124
"hsa-miR-125b-1-5p",565,460,106,489,144,16,74,14,23,72,7,5,302,82,257
"hsa-miR-3118-1-3p",26,3,4,7,4,0,1,1,0,1,0,1,2,2,4
"hsa-miR-324-5p",11,21,11,25,17,6,10,3,3,5,0,0,2,8,10
"hsa-miR-96-3p",0,0,0,1,2,0,0,0,0,0,0,0,1,2,5
"hsa-miR-221-5p",25,33,17,61,16,18,3,0,10,9,1,0,44,16,35
"hsa-miR-3177-3p",22,22,28,21,34,15,6,5,5,9,3,0,13,8,18
"hsa-miR-6720-5p",1,1,0,7,0,0,0,0,0,0,0,0,1,0,2
"hsa-miR-877-5p",8,6,11,24,11,5,2,2,6,3,1,2,10,10,17
"hsa-miR-140-5p",231,204,29,161,37,13,47,6,32,52,1,1,87,4,78
"hsa-miR-4421-3p",10,15,7,11,5,2,3,3,5,3,0,0,3,0,4
"hsa-miR-1273c-5p",4,3,1,2,0,0,2,0,0,7,0,0,3,0,2
"hsa-miR-199b-3p",54,48,11,47,19,5,15,4,9,18,1,0,56,5,64
"hsa-miR-450b-5p",306,190,102,210,190,35,43,7,17,35,3,0,99,24,106
"hsa-miR-30c-2-5p",650,884,288,996,356,189,171,18,370,361,20,23,1785,191,1383
"hsa-miR-744-5p",318,361,86,501,74,30,87,12,90,110,7,1,328,45,348
"hsa-miR-107-3p",2050,1596,463,1495,772,115,205,37,165,188,24,9,1027,110,646
"hsa-let-7d-5p",6,39,11,48,12,7,1,4,7,12,3,0,52,29,54
"hsa-miR-548d-2-5p",67,38,16,52,25,18,28,0,8,34,1,0,28,3,36
"hsa-miR-26b-5p",497,686,154,755,165,164,174,38,199,307,35,15,809,156,768
"hsa-miR-548ae-2-5p",43,28,10,36,13,11,18,0,2,19,0,0,20,4,19
"hsa-miR-378a-3p",12218,6997,4251,7781,5650,2796,2834,791,1629,3194,178,50,3971,1464,6110
"hsa-miR-378a-5p",82,37,28,64,25,7,14,2,9,13,1,0,22,8,23
"hsa-miR-1268b-5p",2,5,0,3,0,3,1,0,5,4,0,0,8,2,18
"hsa-miR-181b-2-5p",891,613,276,512,412,144,202,42,147,245,13,3,414,129,449
"hsa-miR-181a-2-5p",726,609,258,606,488,228,185,45,154,287,35,9,534,191,648
"hsa-miR-1306-3p",56,68,51,62,93,12,10,10,0,5,2,1,18,7,38
"hsa-miR-1247-5p",0,0,0,0,0,0,0,0,0,0,0,0,0,0,1
"hsa-miR-26a-1-5p",2348,3617,1655,3775,1810,630,659,219,952,1490,153,90,4519,1134,4557
"hsa-miR-30e-3p",84,109,78,168,183,104,27,23,44,56,12,0,169,70,221
"hsa-miR-1-1-3p",14,17,4,8,8,9,7,2,3,12,0,0,17,0,11
"hsa-miR-326-3p",1,2,4,4,1,2,0,0,0,0,0,0,1,0,1
"hsa-miR-15b-5p",468,412,36,309,78,11,62,6,28,53,3,0,178,15,121
"hsa-miR-1273e-5p",53,59,12,50,20,28,47,7,27,66,4,2,107,13,122
"hsa-miR-5096-3p",380,505,34,328,65,73,276,12,169,241,9,0,335,43,295
"hsa-miR-196b-5p",1177,854,263,754,461,229,204,27,171,203,34,5,712,82,700
"hsa-miR-877-3p",0,1,1,3,0,0,1,0,1,3,0,0,3,0,1
"hsa-miR-3651-3p",2,13,0,5,1,1,0,0,0,1,0,0,1,0,1
"hsa-miR-6842-3p",0,2,0,1,0,0,0,0,0,0,0,0,0,0,0
"hsa-miR-196a-2-3p",13,9,7,4,4,4,8,1,2,6,0,0,4,3,16
"hsa-miR-139-5p",9,0,1,9,6,1,0,0,3,3,0,0,6,3,7
"hsa-miR-6128-3p",5,5,4,10,0,1,1,3,1,0,1,0,2,3,1
"hsa-miR-99b-3p",288,212,171,155,222,108,61,32,62,97,11,0,209,79,273
"hsa-miR-941-4-3p",74,36,78,97,71,40,18,2,30,20,3,0,79,19,122
"hsa-miR-3687-1-3p",3,0,0,1,1,0,0,0,0,0,0,0,1,0,1
"hsa-miR-452-3p",23,10,9,13,12,0,4,0,3,4,0,0,3,1,7
"hsa-miR-4470-3p",10,6,8,9,9,0,1,0,0,7,0,0,3,1,2
"hsa-miR-1277-3p",0,1,0,2,1,1,0,1,1,0,0,0,0,1,0
"hsa-miR-339-3p",127,91,17,76,27,16,22,3,14,24,3,0,38,5,44
"hsa-miR-597-3p",5,9,1,5,7,1,3,0,0,2,0,0,2,0,3
"hsa-miR-3648-1-3p",2,6,10,3,13,54,9,10,11,24,4,0,11,2,69
"hsa-miR-19b-1-3p",554,303,303,466,304,184,148,20,129,118,9,7,219,68,212
"hsa-miR-9-1-3p",26,22,3,22,9,1,6,1,4,4,0,1,21,5,16
"hsa-miR-1273a-3p",95,144,7,101,11,5,73,5,56,58,0,0,173,27,138
"hsa-miR-339-5p",228,211,134,204,185,28,25,22,35,52,2,3,104,29,114
"hsa-miR-5096-5p",592,1189,12,835,43,35,754,3,388,487,3,0,517,13,367
"hsa-miR-550a-1-3p",1,0,0,1,0,0,0,0,0,0,0,0,0,0,1
"hsa-miR-1290-3p",32,19,13,6,25,8,4,3,3,12,4,0,24,4,19
"hsa-miR-182-5p",716,1046,231,1136,260,230,295,30,483,454,16,24,1181,163,1062
"hsa-miR-1285-2-3p",30,27,18,38,16,14,8,2,11,9,0,0,14,6,14
"hsa-miR-7706-3p",280,131,100,175,200,18,46,40,29,61,6,3,116,53,245
"hsa-miR-3200-3p",2,5,5,5,2,2,3,0,0,2,0,1,2,1,0
"hsa-miR-450a-2-3p",8,5,1,6,2,0,5,0,0,5,0,0,4,0,2
"hsa-miR-20a-3p",1,1,0,7,0,0,0,0,1,1,0,0,1,0,2
"hsa-miR-941-3-3p",74,36,78,97,71,40,18,2,30,20,3,0,79,19,122
"hsa-miR-671-3p",15,11,1,3,9,1,0,3,2,2,1,0,20,6,14
"hsa-miR-5701-1-5p",0,1,0,2,5,0,1,0,0,0,0,0,2,4,0
"hsa-miR-450a-1-5p",75,52,68,62,150,52,15,12,9,14,21,0,74,80,93
"hsa-miR-577-5p",51,47,7,81,20,27,24,0,30,35,0,0,70,7,56
"hsa-miR-576-3p",214,196,71,150,140,33,51,15,17,55,3,0,81,21,88
"hsa-miR-92b-3p",377,269,173,166,319,72,48,19,47,48,13,2,374,75,198
"hsa-miR-664a-3p",1,2,1,0,0,2,0,0,0,0,0,0,1,1,1
"hsa-miR-340-3p",26,28,25,29,37,8,13,3,8,14,2,2,32,10,43
"hsa-miR-20b-5p",79,119,5,71,27,16,49,6,24,51,0,1,73,4,35
"hsa-miR-5701-2-5p",0,1,0,2,5,0,1,0,0,0,0,0,2,4,0
"hsa-miR-2277-5p",4,5,3,1,1,0,1,2,4,2,0,0,4,1,11
"hsa-miR-125b-1-3p",0,7,1,6,1,0,0,1,0,1,0,1,5,1,2
"hsa-miR-199a-1-3p",54,47,11,47,19,5,15,4,9,18,1,0,56,5,64
"hsa-miR-3158-1-3p",15,18,2,17,0,7,9,2,5,4,0,0,16,3,11
"hsa-miR-4419a-5p",65,56,26,33,36,15,25,3,22,25,0,0,76,18,90
"hsa-miR-18a-5p",159,119,51,256,55,22,75,6,82,148,1,4,165,23,173
"hsa-let-7e-3p",5,4,7,3,3,0,1,0,0,0,0,0,8,7,2
"hsa-miR-3187-3p",12,9,3,5,9,2,4,3,1,2,1,0,9,1,8
"hsa-miR-449a-3p",0,0,3,2,0,0,0,0,0,0,0,0,0,0,0
"hsa-miR-7641-2-3p",347,569,183,585,268,261,1077,74,885,583,50,3,626,130,534
"hsa-miR-4508-5p",4,6,1,6,3,2,3,0,6,11,1,0,16,2,14
"hsa-miR-16-1-3p",3,3,1,5,0,0,0,0,1,1,1,0,3,1,8
"hsa-miR-200a-3p",12,61,8,1175,3,3,10,19,4,15,16,5,290,245,10
"hsa-miR-548n-5p",31,28,7,18,10,8,8,0,5,15,2,1,19,9,9
"hsa-miR-1908-5p",6,3,6,4,19,0,0,1,1,1,0,0,12,1,12
"hsa-miR-196a-1-5p",1331,796,219,662,407,98,168,26,80,197,18,0,636,72,625
"hsa-miR-769-5p",404,306,338,455,297,156,116,60,93,137,18,18,300,175,403
"hsa-miR-3182-5p",1111,1076,466,2040,1100,1273,2017,96,2949,1598,45,2,800,292,1033
"hsa-miR-5001-3p",1,1,0,0,8,1,0,1,1,0,0,0,1,0,0
"hsa-miR-221-3p",4137,2979,724,2300,757,272,351,51,221,459,28,12,1672,199,1044
"hsa-miR-99a-3p",2,2,0,3,0,0,0,0,0,0,0,0,0,1,0
"hsa-miR-5696-3p",0,2,1,2,1,0,2,0,0,0,0,0,2,3,2
"hsa-miR-146a-5p",38,22,9,12,2,0,3,2,4,6,0,0,11,5,12
"hsa-miR-7641-1-5p",57,114,72,64,95,45,37,23,53,81,12,0,104,36,151
"hsa-miR-494-3p",3,4,1,7,0,2,5,0,2,7,1,0,15,0,16
"hsa-miR-320d-1-3p",301,167,151,232,159,55,55,18,10,50,8,0,62,22,76
"hsa-miR-449a-5p",21,15,7,26,4,7,3,0,2,4,4,0,14,0,15
"hsa-miR-548a-2-3p",5,13,0,7,1,1,7,0,3,4,0,0,5,0,1
"hsa-miR-548h-2-5p",10,12,11,14,26,6,6,6,1,7,3,0,15,2,6
"hsa-miR-6516-5p",3,1,0,4,2,2,0,0,0,2,0,0,1,0,4
"hsa-miR-1976-3p",1,1,1,2,1,0,0,0,0,0,0,0,0,0,2
"hsa-miR-3609-3p",1,2,0,0,0,0,1,0,1,0,0,0,0,0,0
"hsa-miR-200b-5p",0,1,0,2,0,0,0,0,0,0,0,1,0,2,0
"hsa-miR-1303-3p",34,32,27,40,8,23,15,2,12,20,1,2,30,16,60
"hsa-miR-3607-3p",0,1,2,5,7,2,1,0,0,0,0,0,3,5,2
"hsa-miR-320a-3p",4681,3118,2984,2791,4151,1016,1030,464,572,1265,150,29,1342,717,2735
"hsa-miR-342-5p",11,13,1,3,9,3,4,0,1,1,0,0,7,0,20
"hsa-miR-532-3p",4,3,1,5,1,0,2,0,4,3,0,1,4,0,6
"hsa-miR-200b-3p",12,64,11,972,12,9,15,25,9,7,41,11,308,262,24
"hsa-miR-1299-3p",2,1,4,1,4,0,0,0,0,3,1,0,1,0,1
"hsa-miR-500b-3p",4,6,1,5,4,1,0,0,3,3,0,0,5,1,6
"hsa-miR-1266-5p",6,4,2,8,0,2,1,0,2,2,0,0,6,2,1
"hsa-miR-30c-1-5p",650,884,288,994,353,189,170,18,369,361,20,23,1785,191,1381
"hsa-miR-301b-3p",2,2,1,5,4,0,3,1,2,1,1,0,6,0,0
"hsa-miR-4326-5p",5,3,4,12,10,3,1,0,7,1,0,0,7,4,19
"hsa-miR-589-5p",189,84,34,85,70,9,38,12,17,29,2,1,64,18,60
"hsa-miR-125b-2-5p",566,461,107,489,145,17,74,14,23,72,7,5,302,83,260
"hsa-miR-449c-5p",11,12,4,19,6,6,3,1,8,2,0,1,19,8,13
"hsa-miR-95-3p",56,39,25,28,44,17,15,3,4,15,1,1,33,12,57
"hsa-miR-548f-3-3p",6,9,3,13,23,7,2,2,2,3,0,0,6,5,10
"hsa-miR-7-1-5p",5766,3534,1332,6402,1919,1993,3187,299,2358,2758,71,56,4172,617,3893
"hsa-miR-3159-3p",22,32,4,33,10,6,21,4,18,27,3,0,58,12,71
"hsa-miR-129-1-5p",134,70,56,34,105,13,18,12,6,13,0,0,18,8,23
"hsa-miR-652-5p",1,1,0,2,0,0,0,0,0,1,0,0,0,0,0
"hsa-miR-1468-5p",6,3,4,10,0,1,1,0,2,5,2,0,2,1,28
"hsa-miR-132-3p",147,110,44,77,46,10,54,6,11,35,0,0,94,14,78
"hsa-miR-92b-5p",1,1,2,2,4,3,2,0,0,0,0,0,2,2,4
"hsa-miR-192-5p",192,238,134,1541,190,249,166,48,117,204,11,1,197,74,247
"hsa-miR-361-3p",87,71,63,108,67,48,20,2,37,43,4,3,89,22,103
"hsa-miR-92a-1-3p",29826,13552,11458,13738,21370,3468,3320,1204,2414,3133,595,135,26534,3940,10400
"hsa-miR-101-2-3p",2774,1649,1422,2288,2313,958,682,297,442,734,96,26,1940,835,1811
"hsa-miR-4532-5p",5,7,9,4,3,8,0,4,1,3,0,0,6,7,15
"hsa-miR-423-3p",7307,5544,2390,4456,2985,1740,1427,361,1041,1928,191,24,6742,999,5172
"hsa-miR-501-5p",11,11,6,12,8,7,4,0,11,4,1,1,20,4,11
"hsa-miR-1273d-5p",11,11,2,8,10,3,9,2,6,6,4,0,10,3,24
"hsa-miR-146b-5p",319,246,174,258,210,174,127,24,111,164,5,5,272,40,298
"hsa-miR-3118-3-3p",26,3,4,7,4,0,1,1,0,1,0,1,2,2,4
"hsa-miR-4324-3p",1,5,1,1,0,0,1,0,0,0,1,0,2,0,2
"hsa-miR-548t-3p",4,8,0,11,1,5,6,0,4,2,0,0,12,4,10
"hsa-miR-16-2-5p",827,760,76,795,63,32,151,11,64,128,6,7,320,41,236
"hsa-miR-7851-5p",15,15,4,7,2,1,4,2,9,6,0,0,18,1,16
"hsa-miR-455-5p",31,31,40,48,41,11,14,5,4,9,2,1,29,15,41
"hsa-miR-194-2-5p",40,37,6,172,7,1,20,4,23,13,1,0,45,4,43
"hsa-miR-548aj-2-5p",5,4,0,3,0,2,1,1,0,2,0,0,2,2,2
"hsa-miR-424-3p",172,154,69,123,99,17,24,8,21,59,5,0,175,34,127
"hsa-miR-17-5p",5023,4408,660,7223,761,531,3774,204,2347,3692,24,38,5081,293,4472
"hsa-miR-101-1-3p",3347,2099,1788,2810,2978,1164,817,384,563,902,111,38,2431,1118,2327
"hsa-miR-7-2-5p",5766,3536,1335,6405,1915,1992,3187,299,2359,2755,71,56,4174,616,3890
"hsa-miR-425-5p",129,105,64,128,55,44,40,8,70,55,4,6,128,38,145
"hsa-miR-96-5p",72,62,27,78,29,18,19,8,20,27,2,4,58,38,64
"hsa-miR-501-3p",617,418,147,308,183,75,84,17,70,100,5,2,222,30,169
"hsa-miR-550a-1-5p",12,15,1,11,9,3,2,1,8,3,0,0,6,3,16
"hsa-miR-183-3p",5,13,1,3,4,0,2,0,0,1,0,0,7,2,4
"hsa-miR-940-3p",2,6,1,2,0,1,2,1,0,0,0,0,0,1,0
"hsa-miR-138-2-5p",10,13,14,17,6,6,5,3,0,1,0,0,3,0,5
"hsa-miR-4791-5p",45,107,23,172,12,29,115,6,52,41,2,0,15,8,11
"hsa-miR-3195-5p",4,1,0,2,0,4,0,0,0,3,0,0,16,5,15
"hsa-let-7a-2-5p",945,1541,493,1567,604,304,310,106,464,630,79,32,1777,601,2460
"hsa-miR-103a-2-3p",4893,5701,930,7207,1293,416,1238,90,2227,2180,69,71,6607,589,5514
"hsa-miR-548p-3p",4,4,2,6,1,4,1,3,1,2,0,0,0,2,4
"hsa-miR-873-5p",4,1,0,3,1,0,1,0,0,1,0,0,0,2,0
"hsa-miR-106b-3p",625,538,307,602,306,198,180,60,127,235,13,4,548,109,552
"hsa-miR-451a-5p",8,11,9,10,17,2,1,3,7,7,1,0,22,3,45
"hsa-miR-548aa-2-3p",4,8,0,11,1,5,6,0,4,2,0,0,12,4,10
"hsa-miR-4488-5p",1,3,6,3,11,1,1,2,5,7,2,0,13,15,25
"hsa-miR-26a-2-3p",2,1,4,3,8,1,0,0,2,0,0,0,2,1,3
"hsa-miR-548f-2-3p",6,9,3,13,23,7,2,2,2,3,0,0,6,5,10
"hsa-miR-25-3p",7761,4059,2375,3871,3982,1048,979,274,560,815,100,37,1939,619,2139
"hsa-miR-425-3p",26,34,21,39,13,29,10,7,10,17,3,0,18,9,26
"hsa-miR-1278-3p",4,12,9,10,5,34,6,4,3,4,0,1,7,1,15
"hsa-miR-1260a-5p",2,4,0,2,0,0,1,0,0,0,0,0,0,0,2
"hsa-miR-8086-3p",72,71,3,50,16,15,43,2,25,32,0,2,94,15,75
"hsa-miR-193a-3p",2,0,0,2,3,1,0,3,0,0,0,0,0,0,1
"hsa-miR-6720-3p",16,10,1,13,6,3,3,1,4,4,0,0,9,2,6
"hsa-miR-340-5p",1369,1414,750,1523,1041,663,373,160,480,589,85,50,1510,686,1338
"hsa-miR-320a-5p",38,133,30,111,21,43,50,4,43,75,6,0,99,23,124
"hsa-let-7b-5p",36,52,38,101,51,31,14,19,15,20,17,6,87,91,79
"hsa-miR-579-5p",3,3,0,1,5,0,1,0,0,1,0,0,4,1,2
"hsa-miR-199a-2-3p",54,47,11,47,19,5,15,4,9,18,1,0,56,5,64
"hsa-miR-181c-5p",13,7,1,6,4,5,1,0,1,5,0,0,3,3,7
"hsa-miR-1273g-3p",38,41,7,41,13,0,41,2,36,15,1,0,64,5,54
"hsa-miR-324-3p",56,63,14,66,18,14,16,2,14,19,0,0,22,7,34
"hsa-miR-3940-3p",0,2,0,0,0,0,0,0,0,0,0,0,1,0,0
"hsa-miR-362-3p",1,2,0,3,0,0,1,0,0,0,0,0,0,0,2
"hsa-miR-7704-5p",5,12,5,9,12,11,13,4,11,16,4,0,16,3,47
"hsa-miR-486-2-5p",103,60,32,62,43,19,8,4,18,15,0,0,125,14,121
"hsa-miR-100-3p",0,0,0,0,0,0,0,0,0,0,0,0,0,1,0
"hsa-miR-125b-2-3p",136,83,34,76,30,20,30,6,19,32,1,3,69,9,62
"hsa-let-7i-3p",1,1,0,4,0,0,0,0,0,1,0,0,0,0,0
"hsa-miR-581-5p",1,0,0,1,0,0,0,0,0,2,0,0,0,0,4
"hsa-miR-378b-3p",5,8,86,5,19,2,2,2,1,1,0,0,2,0,5
"hsa-miR-147b-3p",16,11,7,9,19,1,4,1,0,2,0,0,2,3,1
"hsa-miR-29b-1-3p",19,19,13,78,6,8,5,1,3,8,2,0,14,9,7
"hsa-miR-1291-5p",15,22,0,16,0,6,10,0,9,21,0,0,5,2,7
"hsa-miR-10b-5p",11873,8288,3442,6192,4950,2500,1736,412,1337,2485,257,113,7429,1582,7299
"hsa-miR-3661-5p",2,1,2,2,0,0,3,0,0,2,0,0,0,1,2
"hsa-miR-132-5p",22,20,17,16,16,8,1,3,2,5,0,0,16,10,29
"hsa-miR-200a-5p",0,1,0,105,1,1,3,0,0,0,1,0,15,15,0
"hsa-miR-30a-5p",5838,5889,4024,6318,4564,3099,1618,291,2067,1761,213,209,5319,1821,4917
"hsa-miR-452-5p",262,232,53,251,87,14,35,6,19,40,1,0,75,9,66
"hsa-miR-660-5p",508,374,316,300,510,193,101,21,61,109,19,2,323,80,303
"hsa-miR-190b-5p",17,16,5,11,7,2,3,1,0,3,0,0,6,0,3
"hsa-miR-4661-5p",10,5,4,5,2,1,1,3,1,1,0,0,2,4,3
"hsa-miR-4521-3p",1,0,0,0,0,0,1,0,1,0,0,0,0,0,1
"hsa-miR-34a-5p",178,156,102,249,138,11,29,8,6,16,6,1,147,22,79
"hsa-miR-141-3p",1,4,1,31,1,0,1,0,0,1,3,0,19,6,0
"hsa-miR-4458-5p",0,0,0,0,0,0,0,0,0,0,0,0,0,0,0
"hsa-miR-181c-3p",8,13,13,6,17,7,0,1,1,4,0,0,8,3,15
"hsa-miR-454-3p",15,29,11,26,15,14,10,3,20,13,1,2,26,9,22
"hsa-miR-181b-1-3p",6,6,2,7,4,3,0,0,6,2,0,0,14,1,12
"hsa-miR-191-5p",1031,1474,523,1470,667,437,662,110,1129,1068,57,24,2396,363,2426
"hsa-miR-3605-3p",7,1,1,2,1,0,2,0,0,0,0,0,11,0,4
"hsa-miR-769-3p",7,3,2,8,0,3,4,0,1,1,0,0,7,1,11
"hsa-miR-942-5p",29,33,20,30,34,11,5,5,6,14,0,0,41,7,35
"hsa-miR-122-5p",379,230,229,152,452,245,202,151,56,238,39,1,280,136,644
"hsa-miR-215-5p",66,58,19,227,36,62,42,7,43,52,2,2,27,16,52
"hsa-miR-196b-3p",8,13,3,5,2,6,0,0,0,1,0,0,3,1,4
"hsa-miR-548aa-1-3p",4,8,0,11,1,5,6,0,4,2,0,0,12,4,10
"hsa-miR-941-2-3p",74,36,78,97,71,40,18,2,30,20,3,0,79,19,122
"hsa-miR-30e-5p",2481,2555,1433,2519,1704,810,562,94,718,624,79,77,1501,477,1450
"hsa-miR-6783-3p",0,1,0,1,0,0,0,1,0,2,0,0,2,0,0
"hsa-miR-1285-1-5p",298,475,18,308,39,21,274,5,139,206,1,1,276,12,227
"hsa-miR-5095-3p",13,20,3,23,3,4,13,3,12,17,1,0,43,11,48
"hsa-miR-129-2-3p",2,0,0,0,0,1,0,0,0,0,0,0,1,0,0
"hsa-miR-1250-5p",118,154,56,51,70,66,27,6,11,19,3,0,57,3,26
"hsa-miR-34c-5p",455,422,202,764,332,32,88,10,16,44,9,2,178,48,182
"hsa-miR-193a-5p",218,124,62,88,86,1,12,4,2,14,1,0,96,13,55
"hsa-miR-5701-3-5p",0,1,0,2,5,0,1,0,0,0,0,0,2,4,0
"hsa-miR-2110-5p",25,27,19,12,31,10,11,3,4,7,0,0,12,9,14
"hsa-miR-126-5p",4,6,17,13,25,2,4,1,0,7,3,2,13,5,21
"hsa-miR-7851-3p",4,10,2,4,1,0,0,3,1,1,0,0,4,0,7
"hsa-miR-338-5p",56,63,10,26,13,9,6,2,2,12,1,1,51,6,37
"hsa-miR-199a-2-5p",1,4,2,4,0,1,2,0,1,0,0,0,1,0,5
"hsa-miR-1292-5p",6,1,3,14,3,4,2,1,8,8,0,0,10,2,32
"hsa-miR-1277-5p",13,10,22,13,16,2,3,2,2,8,0,0,9,3,13
"hsa-miR-30b-5p",45,31,17,102,28,9,21,4,19,22,3,4,54,38,50
"hsa-miR-941-5-3p",74,36,78,97,71,40,18,2,30,20,3,0,79,19,122
"hsa-miR-218-2-5p",5085,8254,6689,6571,7661,7596,2060,2467,1292,1833,789,168,3655,2763,6806
"hsa-miR-1295a-3p",40,15,5,17,7,0,4,0,1,5,0,0,11,1,6
"hsa-miR-550a-2-3p",1,0,0,1,0,0,0,0,0,0,0,0,0,0,1
"hsa-miR-197-3p",32,34,10,23,10,13,12,3,14,22,1,1,25,18,32
"hsa-miR-184-3p",2,4,3,2,0,1,0,0,0,4,0,0,4,0,0
"hsa-miR-1287-5p",6,10,5,12,5,1,2,0,0,5,0,1,5,1,2
"hsa-miR-17-3p",29,9,17,36,15,6,7,0,5,16,0,0,18,7,18
"hsa-miR-345-5p",139,86,52,103,53,25,18,6,29,23,5,1,71,13,56
"hsa-miR-144-3p",6,13,10,16,4,1,0,0,6,8,1,0,22,0,56
"hsa-miR-3615-3p",109,61,41,47,108,15,28,7,25,28,6,2,84,51,117
"hsa-miR-499a-5p",52,24,10,19,32,5,6,0,2,10,0,1,6,7,11
"hsa-miR-504-5p",24,19,11,26,13,3,10,0,7,11,1,0,40,8,39
