"","HEK_Pellet_SDPR_1","HEK_Pellet_PRTF_1","HEK_Pellet_CAV_1","HEK_Pellet_PN4.11_1","HEK_Pellet_PRKCA4_1","HEK_Pellet_SDPR_2","HEK_Pellet_PRTF_2","HEK_Pellet_CAV_2","HEK_Pellet_PN4.11_2","HEK_Pellet_PRKCA4_2","HEK_Pellet_SDPR_3","HEK_Pellet_PRTF_3","HEK_Pellet_CAV_3","HEK_Pellet_PN4.11_3","HEK_Pellet_PRKCA4_3"
"hsa-miR-590-3p",379,172,221,214,1,1,156,393,96,511,96,359,144,456,338
"hsa-miR-338-3p",20,3,14,13,0,0,8,24,2,19,6,3,8,9,9
"hsa-let-7f-2-5p",4254,5343,14330,6906,85,126,11980,4927,6704,4470,5537,3018,6420,4453,2981
"hsa-miR-30c-2-3p",172,132,685,436,5,1,479,144,374,236,397,130,391,205,182
"hsa-miR-1254-1-5p",13,8,36,10,0,0,20,12,17,11,30,6,36,20,9
"hsa-miR-590-5p",4,6,18,16,0,0,6,13,5,12,22,10,11,16,12
"hsa-miR-4485-3p",9,6,41,20,1,0,16,11,24,15,5,2,6,1,0
"hsa-miR-1273d-3p",1,1,1,3,0,0,4,0,3,5,3,1,5,2,0
"hsa-miR-9-3-3p",47,27,142,100,0,0,65,44,40,73,35,21,38,63,33
"hsa-miR-8485-3p",9,0,0,11,0,0,0,0,0,1,1,0,0,0,0
"hsa-miR-4510-5p",2,7,23,19,0,0,16,5,7,6,6,1,10,9,2
"hsa-miR-548a-3-3p",1,1,11,8,0,0,4,3,1,6,5,2,4,1,2
"hsa-miR-195-5p",29,30,217,124,0,0,64,54,42,54,24,34,42,45,47
"hsa-miR-3176-3p",11,13,40,29,0,0,21,17,37,23,59,31,55,48,17
"hsa-miR-551b-5p",21,25,63,32,0,0,27,19,25,21,31,9,34,37,10
"hsa-let-7a-2-3p",0,1,0,1,0,0,0,0,0,1,0,2,1,0,0
"hsa-miR-422a-5p",26,66,91,109,0,0,112,56,97,66,77,48,92,55,45
"hsa-miR-4474-3p",11,2,3,9,0,0,8,6,6,3,5,3,8,2,3
"hsa-miR-3653-5p",20,12,17,11,0,0,19,10,14,5,10,1,14,3,6
"hsa-miR-20a-5p",23375,21640,116937,45593,81,191,21336,32910,17049,28756,8356,11973,17959,34026,17784
"hsa-miR-1255a-5p",32,28,22,30,0,0,66,20,40,20,46,22,31,31,21
"hsa-miR-320b-1-3p",851,809,1773,1577,12,8,1858,685,1322,888,826,442,1198,906,798
"hsa-miR-455-3p",26,25,76,56,0,0,40,29,26,33,14,6,42,17,26
"hsa-miR-18b-5p",29,11,58,82,0,1,22,31,19,45,8,31,23,31,49
"hsa-miR-486-2-3p",0,0,11,16,0,0,2,1,0,1,0,0,0,0,0
"hsa-miR-500b-5p",173,108,141,83,1,1,123,91,160,73,133,111,259,244,77
"hsa-miR-3929-3p",6,3,21,14,0,0,5,5,6,4,1,1,10,2,1
"hsa-miR-548ar-3p",7,8,22,8,0,0,10,7,7,17,6,8,13,18,12
"hsa-miR-30d-5p",16328,37583,44956,26662,84,218,35034,27053,40484,18877,12777,7075,28260,22583,11010
"hsa-miR-205-5p",15,17,26,24,7,34,28,11,5,30,4,22,17,0,6
"hsa-miR-1275-5p",10,13,67,75,0,0,47,22,25,42,23,16,22,16,20
"hsa-miR-320d-2-3p",37,22,89,76,6,0,64,26,42,33,30,18,42,36,41
"hsa-miR-573-5p",6,20,14,9,1,0,15,12,10,7,31,22,22,18,14
"hsa-miR-548an-5p",5,3,15,11,0,0,10,6,4,12,1,4,7,2,3
"hsa-miR-204-5p",168,157,107,60,0,0,92,112,90,66,65,19,72,45,28
"hsa-miR-320b-2-3p",985,873,2758,2230,14,13,2524,821,1799,1059,1325,575,1860,1130,899
"hsa-miR-342-3p",266,173,294,202,0,1,343,173,418,211,215,222,413,297,260
"hsa-miR-548h-3-3p",30,44,43,33,0,0,38,27,26,40,33,35,29,57,35
"hsa-miR-24-2-5p",9,7,19,15,0,0,17,8,8,15,10,3,16,14,4
"hsa-miR-29c-5p",39,33,22,21,0,0,36,25,32,52,28,39,51,37,60
"hsa-miR-219a-1-3p",7,28,22,25,0,0,36,20,27,20,32,12,29,10,9
"hsa-miR-664a-5p",2,2,16,10,0,0,12,0,10,3,5,4,5,3,2
"hsa-miR-23b-5p",0,5,10,13,0,0,21,3,4,11,9,2,6,4,1
"hsa-miR-744-3p",35,52,56,55,0,0,40,47,35,42,21,19,21,15,26
"hsa-miR-619-5p",4,2,7,8,0,0,9,8,3,5,3,2,1,2,3
"hsa-let-7d-3p",1,4,3,5,6,5,4,1,5,8,1,3,0,2,3
"hsa-miR-4473-5p",1,5,9,6,0,1,7,0,4,0,11,1,13,5,1
"hsa-miR-502-5p",21,15,24,10,0,0,23,21,30,14,16,11,22,26,5
"hsa-miR-106a-5p",554,480,3316,1278,13,4,601,775,494,690,244,300,562,824,487
"hsa-miR-766-3p",8,7,14,23,0,0,25,8,5,12,9,11,11,13,15
"hsa-miR-1248-5p",35,9,3,9,0,0,13,18,13,16,13,12,12,10,13
"hsa-miR-1271-5p",28,25,110,81,0,0,64,41,65,30,48,5,52,26,22
"hsa-miR-15a-5p",197,86,594,417,2,0,140,277,137,275,102,144,168,243,287
"hsa-miR-1296-5p",278,152,406,389,2,1,377,275,263,379,369,247,354,386,417
"hsa-miR-93-5p",9594,7443,45290,19052,33,51,13302,10948,8458,11634,6101,4335,10580,14294,8922
"hsa-miR-502-3p",330,330,1163,647,0,4,609,279,440,509,499,174,540,408,398
"hsa-miR-3677-3p",2,4,5,9,0,0,6,6,9,6,14,8,16,4,4
"hsa-miR-561-5p",91,67,69,80,0,0,92,108,59,111,89,64,79,80,91
"hsa-miR-151a-5p",304,799,603,823,1,4,871,2516,676,2331,323,842,508,954,1482
"hsa-miR-7641-1-3p",137,72,402,150,3,3,107,57,84,110,267,293,88,68,92
"hsa-miR-9-2-3p",25,7,110,57,0,0,34,17,19,30,24,10,26,24,22
"hsa-miR-130a-5p",12,1,1,0,0,0,4,3,1,6,5,6,7,6,25
"hsa-miR-584-5p",5,2,7,1,10,3,6,1,5,6,7,5,0,2,3
"hsa-miR-423-5p",2642,2320,4920,4295,16,19,5817,2177,4393,3640,2774,1713,3313,3658,2816
"hsa-miR-500a-3p",676,695,2069,1032,8,4,1253,535,1050,759,958,266,1107,667,517
"hsa-miR-200c-3p",15,24,76,33,0,3,23,19,17,16,63,8,55,23,7
"hsa-miR-629-5p",909,1919,2246,1356,3,10,2065,1181,1551,1006,2542,879,1777,1148,914
"hsa-let-7i-5p",192,232,719,485,25,44,680,256,437,266,516,220,555,316,216
"hsa-miR-135b-5p",5,1,11,1,0,1,0,2,0,6,1,0,1,1,1
"hsa-miR-548ad-5p",9,12,29,29,0,0,12,21,10,25,5,8,6,15,10
"hsa-miR-486-1-5p",41,77,161,114,0,0,141,70,133,50,27,12,70,29,39
"hsa-miR-330-3p",252,322,459,278,2,3,362,264,390,241,462,142,506,440,117
"hsa-miR-23a-3p",164,100,528,246,27,22,277,105,167,179,259,122,237,162,171
"hsa-miR-1273a-5p",1,5,11,7,0,0,6,5,11,4,7,2,4,3,1
"hsa-miR-7976-5p",9,17,27,27,0,0,26,14,12,15,25,5,28,17,7
"hsa-miR-374b-3p",121,130,131,92,0,0,150,123,109,232,142,111,168,214,111
"hsa-miR-5683-5p",10,12,4,4,0,0,10,2,5,6,7,3,12,9,6
"hsa-miR-548ay-5p",22,27,89,56,0,0,48,38,24,45,14,17,16,28,35
"hsa-miR-450a-2-5p",1259,1316,1004,919,1,3,725,1235,729,2100,418,362,596,982,768
"hsa-miR-628-5p",25,17,69,54,0,0,34,27,25,31,31,19,38,26,21
"hsa-miR-21-5p",47334,84935,44052,30581,861,1691,43029,39841,41472,38154,54034,20501,51231,38139,26084
"hsa-miR-365b-3p",286,72,241,156,0,1,182,101,130,212,113,132,154,145,128
"hsa-let-7f-2-3p",47,31,34,39,0,1,24,47,18,47,23,14,19,47,23
"hsa-miR-1260b-5p",71,64,217,300,0,0,180,90,105,191,138,178,155,139,164
"hsa-miR-6747-3p",27,103,46,46,0,0,55,54,56,30,16,2,9,39,11
"hsa-miR-181d-5p",437,293,500,158,3,3,325,463,164,373,89,40,177,209,233
"hsa-miR-129-2-5p",36,152,60,46,1,0,76,58,56,60,66,34,63,42,33
"hsa-miR-582-3p",282,734,353,277,7,0,462,272,477,420,480,193,506,393,340
"hsa-miR-1307-3p",1067,1701,3943,3058,0,9,3086,1569,2535,1918,2822,548,2925,1690,813
"hsa-miR-365a-3p",286,72,242,156,0,1,182,101,130,212,113,132,154,145,130
"hsa-miR-3691-5p",2,8,8,8,0,0,27,4,8,4,4,7,12,5,10
"hsa-miR-1226-3p",39,37,105,50,0,0,74,49,82,45,51,45,87,68,43
"hsa-miR-1273c-3p",14,17,27,22,0,0,34,15,16,12,21,1,20,13,3
"hsa-miR-708-3p",167,505,298,302,27,1,388,257,390,379,147,169,352,266,206
"hsa-miR-10b-3p",52,35,159,102,0,0,76,63,50,73,67,27,63,82,36
"hsa-miR-18a-3p",70,70,223,140,0,2,125,106,148,95,89,50,116,98,60
"hsa-miR-548e-3p",126,152,190,144,0,0,159,100,141,134,175,95,166,111,92
"hsa-miR-27a-5p",17,23,62,33,1,1,74,22,62,33,39,22,39,16,17
"hsa-miR-320c-1-3p",111,81,353,339,8,2,324,114,216,140,150,82,189,165,157
"hsa-miR-152-3p",169,181,372,222,0,1,329,157,281,135,218,78,242,176,153
"hsa-miR-937-3p",2,18,14,9,0,0,21,4,12,7,5,7,9,0,6
"hsa-miR-574-5p",129,177,114,73,1,1,152,150,131,75,156,33,145,110,124
"hsa-miR-760-3p",26,35,69,74,0,0,78,52,47,27,83,12,49,50,25
"hsa-miR-1285-1-3p",45,54,94,66,0,0,55,55,56,62,92,30,71,80,48
"hsa-miR-148a-3p",71796,119348,64808,58150,2850,226,144801,72893,151502,77845,82719,21152,109771,58390,43130
"hsa-miR-99b-5p",5273,5047,17488,13700,70,28,15983,4149,13852,7652,12715,4012,13217,7590,4378
"hsa-miR-935-3p",27,11,45,22,0,0,20,16,15,18,13,7,13,18,12
"hsa-miR-548j-5p",6,14,6,7,0,0,6,11,5,6,5,2,5,9,4
"hsa-miR-22-5p",39,37,32,32,0,1,22,43,9,30,37,28,29,23,22
"hsa-miR-92a-1-5p",42,52,228,91,0,0,94,44,51,31,46,16,67,57,36
"hsa-miR-548ab-5p",7,10,22,20,0,0,11,14,6,13,5,8,7,17,10
"hsa-miR-3065-5p",12,2,19,12,0,0,10,6,6,5,11,3,16,15,11
"hsa-miR-548u-3p",53,74,78,79,0,0,92,60,75,99,70,73,125,145,49
"hsa-miR-296-5p",40,12,104,136,0,0,55,36,26,70,26,19,36,43,24
"hsa-miR-19a-3p",2651,1021,2397,1867,2,3,900,2031,901,2032,356,606,786,1878,1348
"hsa-miR-1301-3p",135,149,528,304,0,3,386,125,223,123,199,54,279,164,115
"hsa-miR-361-5p",270,275,1265,531,1,1,334,357,271,275,238,124,222,200,177
"hsa-miR-183-5p",4103,5672,8839,5206,457,43,10777,4296,8913,4349,6173,1908,8110,4351,3721
"hsa-miR-1226-5p",0,1,6,6,0,0,7,4,1,2,8,1,17,9,4
"hsa-miR-128-2-3p",10980,30531,18534,16134,21,29,12506,26934,12168,15533,9176,3516,8638,7960,3986
"hsa-miR-7-1-3p",9,5,28,23,0,0,27,11,14,21,28,22,21,29,14
"hsa-miR-454-5p",70,95,147,90,0,0,159,102,89,65,79,19,72,56,28
"hsa-miR-181a-1-5p",3968,2910,5702,4067,10,20,3304,4945,3224,3950,2153,1276,3250,3498,3088
"hsa-miR-30c-1-3p",12,7,41,36,0,0,29,10,24,36,26,6,25,11,23
"hsa-miR-628-3p",19,7,18,11,0,0,6,12,12,15,13,7,6,9,5
"hsa-miR-301a-5p",177,169,230,185,1,1,176,163,140,164,134,68,171,132,82
"hsa-miR-2110-3p",16,41,43,30,0,0,27,29,24,15,33,4,28,10,4
"hsa-miR-3928-3p",6,11,24,33,0,0,36,9,24,13,21,5,27,12,10
"hsa-miR-222-5p",21,64,49,46,0,0,69,34,39,34,41,14,23,29,12
"hsa-miR-4664-3p",13,78,27,36,1,0,60,31,84,27,47,16,36,23,17
"hsa-let-7e-5p",975,1148,3101,2170,10,12,2977,1100,1347,1110,1374,506,1514,1007,798
"hsa-miR-532-5p",10333,19611,10478,9612,124,18,13383,12115,15136,13133,9547,4566,11181,11606,7241
"hsa-miR-574-3p",55,35,75,48,0,0,78,40,53,41,54,37,60,38,44
"hsa-miR-500a-5p",173,107,141,83,1,1,123,91,161,73,133,111,261,243,77
"hsa-miR-383-5p",9,9,20,23,0,0,6,10,4,6,3,2,7,6,3
"hsa-miR-3687-2-3p",5,9,7,6,0,0,3,4,5,2,3,4,11,7,1
"hsa-miR-6131-3p",56,26,115,16,0,1,29,14,168,7,80,3,117,13,8
"hsa-miR-3613-5p",1381,1104,1539,1397,2,4,662,1210,566,1421,456,536,725,923,1005
"hsa-miR-3611-3p",3,3,8,5,0,0,2,12,6,12,3,7,4,21,11
"hsa-miR-10a-5p",121144,239476,91842,80924,6930,188,129834,125864,168359,142305,87311,50803,146317,127343,78779
"hsa-miR-331-3p",208,127,238,258,0,0,282,138,221,366,264,193,289,306,319
"hsa-miR-378d-2-5p",151,745,400,448,8,2,438,236,394,374,271,208,351,271,226
"hsa-miR-29a-5p",2,2,1,2,0,0,1,2,0,1,1,0,2,2,3
"hsa-miR-365a-5p",8,12,14,23,0,0,25,12,21,10,17,10,29,19,14
"hsa-miR-3913-2-5p",12,10,23,15,0,0,12,10,17,18,6,4,12,10,10
"hsa-miR-6500-3p",10,11,30,20,0,0,30,12,25,11,36,12,45,15,15
"hsa-miR-186-5p",3702,2335,3520,2776,7,14,2839,4072,2748,3542,2288,2447,2435,3281,3174
"hsa-miR-217-5p",33,29,83,68,0,0,50,34,58,30,17,6,31,24,34
"hsa-miR-331-5p",75,66,173,135,0,0,142,111,103,112,65,48,62,63,39
"hsa-miR-24-2-3p",999,1058,2940,2564,31,50,1782,1095,1152,1595,1246,737,1470,1408,943
"hsa-miR-1276-5p",1,5,12,14,0,0,7,9,18,8,8,4,17,6,6
"hsa-miR-199a-1-5p",7,8,16,13,0,0,11,8,21,6,4,3,8,5,7
"hsa-miR-548g-5p",2,3,13,4,0,0,5,7,2,6,2,0,3,13,5
"hsa-miR-1268a-5p",3,2,18,11,0,0,4,1,0,3,17,7,5,12,7
"hsa-miR-522-3p",0,0,0,0,0,0,0,0,0,0,0,0,1,0,0
"hsa-miR-375-3p",6,52,63,31,2,1,104,31,32,42,21,22,26,18,14
"hsa-miR-548aq-3p",32,44,45,34,0,0,37,26,26,40,32,36,30,57,36
"hsa-miR-4497-5p",5,7,25,40,0,0,16,6,27,26,4,4,22,4,6
"hsa-miR-598-3p",393,379,704,598,0,0,504,442,368,482,341,145,389,352,303
"hsa-let-7c-5p",463,673,2194,1256,5,2,1691,704,817,577,514,196,834,576,494
"hsa-miR-25-5p",108,76,353,233,0,1,280,127,123,123,188,56,202,124,138
"hsa-miR-421-3p",385,412,723,423,2,0,517,473,547,315,322,164,523,378,210
"hsa-miR-4677-3p",43,80,111,77,2,0,78,57,70,63,89,33,75,86,62
"hsa-miR-93-3p",78,40,285,149,0,1,199,89,126,85,95,39,140,82,54
"hsa-miR-5585-3p",3,0,10,7,0,0,4,0,4,0,5,4,6,5,1
"hsa-miR-98-5p",32,47,165,80,9,5,135,44,51,50,48,32,59,46,32
"hsa-miR-556-5p",2,4,10,12,0,0,3,3,3,11,5,1,11,5,2
"hsa-let-7a-1-3p",250,544,366,306,1,2,212,411,210,384,127,41,165,239,73
"hsa-miR-149-5p",381,344,485,370,0,2,336,308,289,274,255,113,308,204,193
"hsa-miR-151b-3p",49,188,81,120,0,0,102,424,84,390,34,145,41,119,220
"hsa-miR-33a-5p",57,45,80,148,0,0,37,94,26,86,21,44,34,65,49
"hsa-miR-3909-3p",16,36,48,36,0,0,39,29,32,34,30,12,35,30,16
"hsa-miR-28-5p",121,131,754,571,0,3,308,248,203,293,163,103,243,224,168
"hsa-miR-185-5p",598,684,4212,2958,6,7,1629,607,975,689,1186,451,1334,822,581
"hsa-let-7f-1-3p",0,0,1,0,0,0,0,2,0,1,0,0,0,0,0
"hsa-miR-374a-3p",794,860,311,272,8,3,695,630,750,1058,582,749,762,1202,922
"hsa-miR-378c-5p",2812,6206,8544,8270,73,31,8650,3907,8373,6671,6260,4006,7520,5245,3924
"hsa-miR-10a-3p",471,378,742,608,3,2,496,474,451,689,474,210,632,483,303
"hsa-miR-1307-5p",235,280,323,543,1,1,398,649,297,590,344,423,352,480,805
"hsa-miR-31-5p",544,182,2171,1056,1,14,472,469,373,543,249,211,323,479,477
"hsa-miR-6868-3p",17,35,18,16,0,0,14,17,19,26,14,4,20,16,10
"hsa-miR-378f-3p",52,97,162,186,3,2,195,76,197,137,113,81,177,104,94
"hsa-miR-320e-3p",4,0,17,28,6,1,20,8,11,8,3,2,3,2,9
"hsa-miR-374b-5p",2681,1342,2649,2272,7,10,3093,2135,2823,3056,1740,1271,2730,2747,1640
"hsa-miR-1910-5p",3,5,18,11,0,0,6,5,1,6,2,0,3,3,1
"hsa-let-7b-3p",2,4,2,1,1,0,0,3,1,0,0,1,1,0,2
"hsa-miR-193b-3p",302,180,144,185,0,2,208,206,182,306,192,349,216,294,393
"hsa-miR-378i-5p",1700,3404,3384,3213,40,14,4244,2084,4643,3432,3406,1956,3719,2596,1658
"hsa-miR-4284-5p",9,2,16,2,0,1,13,5,14,8,1,0,16,2,0
"hsa-miR-4461-3p",7,11,26,13,0,0,15,4,28,14,20,8,17,8,4
"hsa-miR-218-1-5p",70400,46590,38284,46047,60,95,34938,41829,28893,58484,38268,31722,40898,70074,39301
"hsa-miR-21-3p",78,66,62,87,1,7,68,59,52,86,138,52,84,90,125
"hsa-miR-548d-1-3p",5,11,13,14,0,0,8,11,6,13,22,15,8,18,8
"hsa-miR-130b-5p",749,1663,1334,928,0,3,1465,1317,895,771,818,168,717,467,278
"hsa-miR-29c-3p",53,19,49,53,0,2,34,56,28,52,24,37,31,40,50
"hsa-miR-4286-5p",90,47,120,232,0,0,199,76,128,214,121,247,228,230,444
"hsa-miR-625-3p",191,220,386,342,0,1,204,184,279,177,142,44,178,108,66
"hsa-miR-24-1-3p",1016,1066,2959,2568,31,50,1789,1103,1159,1613,1250,750,1475,1444,959
"hsa-miR-7641-2-5p",60,23,38,33,1,1,51,36,40,43,45,25,35,26,30
"hsa-miR-424-5p",159,53,516,354,0,3,180,156,109,194,106,122,158,144,143
"hsa-miR-548am-3p",15,16,9,17,0,0,10,8,9,16,6,10,7,19,8
"hsa-miR-652-3p",502,339,738,705,1,2,604,502,634,748,414,528,665,1021,873
"hsa-miR-138-1-5p",77,19,65,29,0,0,39,30,32,33,33,23,36,83,51
"hsa-miR-3913-1-5p",15,14,24,15,0,0,14,10,18,19,7,4,12,10,10
"hsa-miR-3912-3p",73,55,28,38,0,0,18,35,30,50,5,16,23,54,30
"hsa-miR-128-1-5p",4,5,45,23,0,0,26,11,22,11,32,5,17,7,11
"hsa-miR-4683-3p",2,1,1,4,0,0,5,1,2,3,3,0,4,0,0
"hsa-miR-629-3p",13,6,24,26,0,0,13,4,12,9,23,4,22,13,6
"hsa-miR-195-3p",32,93,78,62,1,0,102,46,81,59,81,25,104,41,40
"hsa-miR-548x-3p",1,1,1,0,1,0,1,0,0,0,0,0,0,0,0
"hsa-miR-585-3p",2,2,4,3,0,0,4,2,0,2,2,0,5,3,1
"hsa-let-7c-3p",5,8,22,20,0,1,23,12,8,11,11,1,18,7,5
"hsa-miR-3919-3p",0,0,1,1,0,0,0,0,0,0,0,0,0,0,0
"hsa-miR-671-5p",98,38,178,98,0,2,79,64,112,54,187,55,196,110,94
"hsa-miR-218-1-3p",39,25,55,36,0,0,22,20,12,15,33,32,19,20,49
"hsa-miR-5100-3p",101,167,152,342,3,0,552,174,359,258,389,125,284,126,85
"hsa-miR-486-1-3p",0,0,11,16,0,0,2,1,0,1,0,0,0,0,0
"hsa-miR-125a-3p",12,10,69,35,0,0,60,15,18,23,28,17,28,19,14
"hsa-miR-676-3p",15,33,81,41,0,0,75,46,34,31,32,19,28,39,22
"hsa-miR-887-3p",20,16,7,6,0,0,12,7,16,22,12,27,25,44,48
"hsa-miR-484-5p",1122,359,4857,3684,2,6,1937,1009,1557,1698,1198,646,1853,1668,991
"hsa-miR-3143-5p",7,12,15,11,0,0,6,11,9,13,3,8,7,8,0
"hsa-miR-27b-5p",14,27,53,27,0,1,57,16,21,11,24,8,22,11,15
"hsa-miR-24-1-5p",6,6,14,8,0,0,9,8,4,6,3,2,2,14,5
"hsa-miR-126-3p",272,228,1341,1048,0,4,528,320,311,425,256,89,377,294,188
"hsa-miR-7-3-5p",7592,7939,8436,4743,23,77,7940,5120,9887,5460,53829,21466,20981,20043,5947
"hsa-miR-548ag-2-5p",4,14,9,7,0,0,14,5,8,4,6,5,14,3,4
"hsa-miR-32-3p",133,73,125,96,0,1,84,87,63,180,53,51,82,90,61
"hsa-miR-4467-5p",5,5,17,7,0,0,13,8,7,5,20,2,21,6,1
"hsa-miR-216b-5p",12,31,65,76,0,0,34,40,34,27,10,11,29,21,14
"hsa-miR-576-5p",206,138,126,116,0,0,98,151,151,166,130,137,109,122,97
"hsa-miR-1304-5p",7,13,21,22,0,1,31,9,16,7,16,5,21,12,5
"hsa-miR-29a-3p",515,487,942,871,14,31,561,796,387,636,230,228,398,334,390
"hsa-miR-548f-1-3p",28,57,31,19,2,0,26,24,42,51,30,38,47,60,26
"hsa-miR-16-1-5p",1325,496,2998,2619,2,7,1903,1070,1376,1787,1244,1864,1956,2234,2776
"hsa-let-7a-3-3p",250,544,367,306,1,2,213,411,210,383,127,41,166,240,73
"hsa-miR-216a-3p",0,13,11,4,0,0,4,1,4,6,6,0,3,4,5
"hsa-miR-140-3p",1885,3172,5971,3499,51,12,3261,1700,4014,2824,2793,1194,3617,2833,1848
"hsa-miR-548x-5p",2,3,13,4,0,0,5,7,2,6,2,0,3,13,5
"hsa-miR-30a-3p",920,1947,1069,742,26,5,2638,1114,1494,1063,1333,615,1253,942,699
"hsa-miR-187-3p",29,28,42,32,0,0,34,28,21,21,17,9,20,37,14
"hsa-miR-651-5p",3,1,1,1,0,0,2,2,2,9,1,1,0,6,6
"hsa-miR-182-3p",5,8,14,14,0,0,11,9,3,6,4,6,10,6,1
"hsa-miR-181b-1-5p",1243,1121,2698,1270,3,7,1392,1647,1128,1131,1148,558,1471,1472,997
"hsa-miR-196a-2-5p",443,309,1807,966,0,4,1326,490,507,407,556,233,719,389,464
"hsa-miR-1273e-3p",3,5,10,5,0,0,7,3,8,3,13,6,8,1,4
"hsa-miR-1269a-3p",0,0,1,0,1,0,1,0,1,0,0,0,1,0,0
"hsa-miR-542-3p",461,601,1073,594,7,3,472,392,483,823,278,343,497,604,529
"hsa-miR-26b-3p",18,18,43,20,0,0,17,29,11,24,8,2,9,6,10
"hsa-miR-9-3-5p",3674,5043,3746,2580,6,5,3830,2972,3717,4250,2047,1497,3759,3628,2337
"hsa-miR-1-2-3p",11,14,32,26,0,0,16,11,8,10,7,5,13,8,6
"hsa-miR-106b-5p",2925,2626,6970,4860,2,16,1783,3291,1443,4149,1204,3198,2013,3889,3989
"hsa-miR-548f-4-3p",22,46,24,16,0,0,22,18,35,37,28,31,32,48,25
"hsa-miR-301a-3p",96,45,132,93,0,0,69,104,70,67,27,24,87,71,57
"hsa-miR-191-3p",9,8,37,24,0,0,15,21,14,13,13,4,19,10,7
"hsa-miR-548l-5p",15,14,19,7,0,0,7,11,7,20,2,9,7,11,8
"hsa-miR-224-5p",479,1056,915,475,2,5,937,724,607,500,321,56,368,339,300
"hsa-miR-550a-3-5p",14,32,30,44,1,0,38,17,32,28,47,20,26,31,14
"hsa-miR-582-5p",122,60,84,88,0,0,68,62,28,121,38,102,66,145,126
"hsa-miR-548h-1-5p",42,65,31,39,0,0,45,47,32,73,42,48,35,59,35
"hsa-miR-615-3p",1050,2463,3449,2761,2,3,1794,2312,1672,2100,1480,404,1618,1157,523
"hsa-miR-100-5p",825,840,1105,690,517,767,978,633,624,1035,337,776,581,252,455
"hsa-miR-1247-3p",0,0,0,0,0,0,1,0,0,0,0,0,0,0,1
"hsa-miR-4448-3p",17,26,67,11,0,0,60,28,42,15,16,0,42,13,11
"hsa-miR-4454-5p",40,43,125,241,1,0,99,83,67,110,40,101,72,86,53
"hsa-miR-378h-5p",14,27,71,38,0,0,55,21,50,36,38,20,63,27,22
"hsa-miR-363-3p",272,134,289,183,1,2,164,145,91,143,265,91,220,184,148
"hsa-miR-7974-3p",355,669,473,375,0,0,572,370,867,348,1716,435,1479,891,256
"hsa-miR-641-3p",7,21,8,12,0,0,10,14,9,25,4,15,8,24,15
"hsa-miR-219a-1-5p",6,4,20,14,0,0,6,9,6,8,3,2,9,10,8
"hsa-miR-103a-1-3p",8456,11975,91099,32598,76,217,19966,10159,17914,10903,11451,4130,19162,12944,7573
"hsa-miR-4429-5p",2,3,11,9,1,0,16,3,9,7,5,4,9,8,4
"hsa-miR-98-3p",3,0,0,0,1,0,0,1,1,2,0,3,1,1,0
"hsa-miR-130a-3p",32,12,37,30,0,1,12,39,23,42,16,11,18,23,36
"hsa-miR-548h-4-5p",42,65,31,39,0,0,45,47,32,73,42,48,35,59,35
"hsa-miR-28-3p",344,616,1244,882,34,6,1289,508,1279,547,889,289,993,582,539
"hsa-miR-15b-3p",510,336,575,425,2,5,323,398,331,519,400,531,393,574,542
"hsa-miR-128-1-3p",11243,31084,18960,16424,22,31,12798,27367,12503,15797,9311,3568,8865,8114,4046
"hsa-miR-4443-5p",3,7,9,17,0,0,8,11,3,10,5,5,7,1,5
"hsa-miR-205-3p",0,0,0,0,0,0,0,0,0,0,0,0,0,0,0
"hsa-miR-130b-3p",57,63,236,165,0,0,89,97,96,92,57,60,70,85,103
"hsa-miR-4521-5p",3757,1714,7945,2747,3,17,3197,2623,2447,2275,1724,402,1681,1106,1068
"hsa-miR-92a-2-3p",31912,65440,84506,59199,162,269,85187,55628,64318,49309,34248,18494,39723,39432,32783
"hsa-miR-505-3p",168,147,376,248,1,3,245,191,181,161,169,47,177,146,110
"hsa-miR-296-3p",185,207,677,498,1,3,630,258,390,305,578,172,506,253,197
"hsa-miR-548ah-3p",6,21,11,9,0,0,13,7,10,15,17,14,14,15,7
"hsa-miR-503-5p",179,207,805,510,4,2,375,196,363,270,396,198,449,287,201
"hsa-miR-5095-5p",3,2,0,2,0,0,0,0,3,2,4,1,2,0,1
"hsa-miR-6087-5p",4,1,4,5,0,0,11,8,13,13,3,1,17,0,1
"hsa-miR-30b-3p",2,11,43,23,0,0,17,17,13,14,5,6,17,5,10
"hsa-miR-429-3p",25,13,13,14,10,36,12,20,8,12,2,15,12,1,6
"hsa-miR-185-3p",22,40,45,27,0,0,53,26,48,24,65,13,47,37,16
"hsa-miR-32-5p",1074,464,1797,1814,2,5,896,808,659,1371,411,455,781,1117,664
"hsa-miR-301b-5p",5,11,11,20,0,0,7,8,6,5,6,0,8,8,7
"hsa-miR-941-1-3p",260,435,419,374,3,3,864,357,1079,347,794,196,844,504,274
"hsa-miR-378e-3p",39,91,122,144,1,0,136,66,106,92,98,49,106,66,55
"hsa-miR-3158-2-3p",22,42,125,131,0,0,85,32,94,45,88,27,100,48,48
"hsa-miR-6866-5p",15,20,10,12,0,0,19,11,18,8,9,7,12,16,10
"hsa-miR-22-3p",1914,881,3120,2553,51,38,1851,2266,1311,2530,4677,2503,2753,3353,2203
"hsa-miR-31-3p",43,18,14,22,0,0,21,21,12,34,20,71,31,33,55
"hsa-miR-8485-5p",7,8,6,5,0,0,13,11,13,7,4,8,15,4,14
"hsa-miR-4741-3p",5,4,15,10,0,0,3,6,10,6,15,7,7,4,2
"hsa-miR-1304-3p",27,91,104,91,1,0,137,38,82,40,93,39,89,62,40
"hsa-miR-548b-5p",22,16,45,31,0,0,43,12,18,24,13,12,22,20,27
"hsa-miR-9-2-5p",3675,5043,3746,2580,6,5,3830,2972,3718,4250,2047,1497,3759,3629,2337
"hsa-miR-548o-3p",213,480,188,173,0,0,317,192,321,244,378,196,479,361,162
"hsa-miR-335-3p",4,15,8,3,0,0,6,9,9,6,18,4,13,8,9
"hsa-miR-30d-3p",73,137,91,68,0,0,128,119,105,109,63,64,100,105,61
"hsa-miR-548f-5-3p",11,22,6,14,0,0,7,7,11,16,5,21,4,6,5
"hsa-miR-4746-5p",25,39,66,60,0,0,107,48,130,57,72,22,82,34,35
"hsa-miR-125a-5p",1797,1492,6493,3448,5,11,3783,1973,2278,1863,1511,421,2008,1411,935
"hsa-miR-362-5p",929,720,816,499,1,1,697,730,784,536,307,214,796,786,465
"hsa-miR-497-5p",14,32,50,34,0,0,9,14,15,26,9,5,14,20,23
"hsa-miR-3662-3p",2,17,8,5,0,0,26,6,19,10,24,8,27,6,4
"hsa-miR-4473-3p",21,66,64,64,0,0,39,37,44,57,75,13,62,66,20
"hsa-miR-6510-3p",0,0,0,0,0,0,2,0,0,0,2,0,0,0,0
"hsa-miR-26a-2-5p",33166,41476,61895,38515,57,128,35438,44507,29810,34737,17428,8940,25985,26574,14921
"hsa-miR-330-5p",44,47,103,71,0,0,65,68,66,59,40,29,90,61,45
"hsa-miR-934-5p",0,0,1,0,0,0,0,0,0,0,0,0,1,0,0
"hsa-let-7f-1-5p",4153,5250,13959,6764,84,125,11734,4830,6545,4405,5431,2966,6288,4371,2907
"hsa-miR-548o-2-3p",213,480,188,173,0,0,317,192,321,244,378,196,479,361,162
"hsa-miR-27a-3p",923,1208,1580,1585,36,50,1270,1203,835,1352,941,356,989,752,636
"hsa-miR-874-3p",146,106,280,198,1,0,180,175,172,177,67,46,131,151,95
"hsa-miR-188-5p",24,7,59,81,0,0,37,31,30,40,32,27,46,41,34
"hsa-miR-3118-2-3p",2,15,43,25,0,0,52,19,34,21,3,3,17,6,15
"hsa-miR-1224-5p",9,8,24,9,0,0,19,10,11,7,8,0,7,5,9
"hsa-miR-378d-1-3p",141,807,395,446,9,1,425,247,378,376,259,208,345,255,230
"hsa-miR-1246-5p",91,94,343,284,22,21,364,109,264,141,178,54,119,40,122
"hsa-miR-550a-3-3p",13,5,16,14,0,0,9,12,12,8,15,9,9,12,14
"hsa-miR-374a-5p",400,215,410,366,0,2,487,517,387,576,263,272,431,501,336
"hsa-miR-335-5p",1,0,4,1,0,0,1,2,1,1,1,1,1,1,0
"hsa-miR-212-5p",30,89,68,30,0,0,75,49,54,38,34,4,39,28,20
"hsa-miR-23b-3p",341,279,960,476,9,8,553,248,391,374,314,171,508,418,359
"hsa-miR-143-3p",49,146,145,119,5,1,121,73,138,100,59,24,65,58,57
"hsa-miR-320c-2-3p",76,53,256,217,7,0,198,73,150,85,81,55,129,126,103
"hsa-miR-1306-5p",18,11,57,40,0,0,44,21,39,29,32,17,43,19,11
"hsa-miR-6087-3p",3,2,7,7,0,0,9,3,7,6,9,0,5,2,4
"hsa-miR-641-5p",147,150,301,146,0,1,193,167,202,151,129,59,227,228,82
"hsa-miR-550a-2-5p",19,33,62,73,1,0,61,23,47,46,73,24,58,43,22
"hsa-miR-1303-5p",28,0,150,26,1,0,9,7,8,6,11,6,14,8,10
"hsa-miR-148b-3p",6248,9390,6835,5928,83,26,9865,6731,11747,7193,6735,2119,9496,7921,4706
"hsa-miR-135b-3p",1,0,0,1,0,0,0,0,0,0,0,0,0,1,0
"hsa-let-7g-5p",1211,2058,5900,2970,47,66,3187,1804,1973,1427,2027,681,2362,1589,793
"hsa-miR-346-5p",9,13,51,31,0,0,34,13,27,24,13,5,14,13,9
"hsa-miR-1254-2-5p",14,9,36,10,0,0,23,11,16,10,29,5,33,17,8
"hsa-miR-328-3p",241,223,685,469,0,1,363,437,312,303,146,48,203,134,144
"hsa-miR-222-3p",1519,2571,2795,1233,50,60,2971,1867,2666,1094,2741,577,2868,1482,812
"hsa-miR-708-5p",275,264,1235,639,1,1,540,391,402,377,108,95,399,300,255
"hsa-miR-9-1-5p",3675,5043,3746,2580,6,5,3830,2972,3718,4250,2047,1497,3759,3629,2337
"hsa-miR-148b-5p",93,182,205,141,1,2,199,190,201,150,103,84,188,167,87
"hsa-miR-548h-5-5p",42,65,31,39,0,0,45,47,32,73,42,48,35,59,35
"hsa-miR-27b-3p",5005,7339,12170,11689,21,38,13628,6549,9079,7941,6430,2851,9616,5941,5223
"hsa-miR-378g-5p",25,52,96,74,1,0,104,44,95,54,60,33,81,54,22
"hsa-miR-33a-3p",9,21,53,56,0,1,32,25,20,45,29,24,22,36,24
"hsa-miR-1262-5p",2,3,14,19,0,0,21,4,10,1,7,3,6,4,2
"hsa-miR-146b-3p",6,9,12,12,0,0,9,9,19,1,15,7,7,7,7
"hsa-miR-3173-5p",7,7,22,11,0,0,11,6,11,3,5,0,8,7,2
"hsa-miR-1273f-5p",3,5,6,10,0,0,10,6,8,4,4,1,6,4,1
"hsa-miR-190a-5p",26,9,15,10,0,1,11,19,14,20,4,25,13,33,36
"hsa-miR-548d-1-5p",17,22,66,46,0,0,26,37,19,40,12,15,10,26,24
"hsa-miR-203a-3p",14,20,44,22,3,10,26,32,12,18,7,22,8,21,12
"hsa-miR-19b-2-3p",3167,1762,3773,3120,4,12,1664,2816,1662,3188,616,1436,1445,2892,2820
"hsa-miR-556-3p",23,38,25,31,0,0,22,22,20,41,16,11,13,29,16
"hsa-miR-592-5p",222,383,258,341,0,2,236,467,304,359,105,166,241,413,172
"hsa-miR-181a-1-3p",284,526,321,255,2,1,412,275,308,358,502,209,436,390,283
"hsa-miR-618-5p",180,106,241,222,0,0,141,156,120,194,78,56,101,148,88
"hsa-miR-580-3p",11,11,35,15,0,0,18,10,11,13,8,11,15,10,10
"hsa-miR-1269b-5p",10,36,38,26,2,0,49,23,59,27,3,3,34,9,20
"hsa-miR-1180-3p",934,1540,1780,1860,1,4,1776,1887,1605,1694,1086,706,1355,1401,1008
"hsa-miR-488-3p",17,5,4,6,0,0,3,3,1,9,4,1,2,5,11
"hsa-miR-3919-5p",0,0,0,0,0,0,0,0,0,0,0,0,0,0,0
"hsa-miR-3150a-5p",1,10,3,11,0,0,11,5,2,6,7,4,6,5,3
"hsa-miR-3074-5p",5,13,17,12,0,0,22,12,9,11,24,6,19,13,10
"hsa-miR-548x-2-3p",1,0,1,0,1,0,2,0,0,0,0,0,0,0,1
"hsa-miR-548b-3p",31,19,8,21,0,0,16,30,10,35,10,21,9,30,37
"hsa-miR-148a-5p",981,2009,1054,936,1,3,1383,1256,1199,1336,943,437,998,823,612
"hsa-miR-194-1-5p",44,46,156,85,0,0,90,35,71,47,72,22,52,70,35
"hsa-let-7a-1-5p",3271,4597,16133,8028,96,117,12444,5053,4901,3450,2989,1023,4530,2542,1618
"hsa-miR-548h-3-5p",42,65,31,39,0,0,45,47,32,73,42,48,35,59,35
"hsa-miR-4787-3p",19,6,16,20,0,0,34,11,24,13,23,19,11,21,14
"hsa-let-7a-3-5p",3278,4603,16180,8069,96,116,12514,5070,4925,3461,3012,1029,4547,2557,1626
"hsa-miR-210-3p",338,181,574,338,2,1,319,282,319,267,217,97,296,255,300
"hsa-miR-181a-2-3p",74,238,142,88,3,1,199,98,137,100,97,34,129,68,93
"hsa-miR-29b-2-3p",69,75,65,99,1,1,66,240,59,175,39,98,52,108,136
"hsa-miR-548k-5p",177,214,233,178,2,2,171,199,185,195,179,86,192,173,71
"hsa-miR-99a-5p",8603,22166,21992,20200,8,21,13455,12093,10374,12601,5773,2983,8365,8730,4043
"hsa-miR-5010-3p",79,75,61,41,0,0,72,72,119,62,54,31,105,79,50
"hsa-miR-3118-4-3p",2,15,43,25,0,0,52,19,34,21,3,3,17,6,15
"hsa-miR-548az-5p",6,9,12,6,0,0,16,1,7,10,6,8,7,8,5
"hsa-miR-34c-3p",5,2,11,6,0,0,9,3,12,4,0,1,6,2,7
"hsa-miR-5582-3p",19,11,9,16,0,0,21,11,10,22,14,39,12,28,8
"hsa-miR-16-2-3p",2105,2267,2276,1318,2,4,1366,2289,1206,1931,1069,410,1202,1362,651
"hsa-miR-212-3p",8,8,17,14,0,0,11,5,13,6,10,7,11,8,9
"hsa-miR-551b-3p",24,20,15,20,0,0,17,24,25,33,13,20,24,32,36
"hsa-miR-151a-3p",3427,8924,9181,8501,371,77,13970,5684,17667,6764,7395,3175,11431,5700,4266
"hsa-miR-125b-1-5p",429,584,2041,1397,11,14,776,664,583,742,347,199,456,385,293
"hsa-miR-3118-1-3p",2,15,43,25,0,0,52,19,34,21,3,3,17,6,15
"hsa-miR-324-5p",162,64,80,79,0,0,103,118,88,158,123,203,129,239,234
"hsa-miR-96-3p",0,25,4,18,0,0,9,6,10,13,4,2,6,3,3
"hsa-miR-221-5p",253,262,366,134,2,0,297,185,486,155,405,44,506,201,93
"hsa-miR-3177-3p",36,89,45,46,0,0,88,45,65,57,89,45,68,78,32
"hsa-miR-6720-5p",6,2,21,7,3,0,13,9,4,10,8,3,10,11,6
"hsa-miR-877-5p",101,70,280,211,1,2,289,81,244,113,338,171,346,222,129
"hsa-miR-140-5p",282,179,1071,730,1,1,447,359,346,336,253,129,417,314,153
"hsa-miR-4421-3p",13,26,26,26,0,0,16,15,24,12,32,14,35,25,14
"hsa-miR-1273c-5p",4,6,13,12,0,0,6,1,2,6,8,3,5,3,0
"hsa-miR-199b-3p",16,29,43,26,1,0,30,21,8,24,12,10,14,10,18
"hsa-miR-450b-5p",852,749,790,651,10,2,910,610,913,1196,467,419,759,822,790
"hsa-miR-30c-2-5p",6814,5469,14009,6393,14,62,8552,5702,6052,5321,4086,1874,6305,5545,2906
"hsa-miR-744-5p",448,621,3567,2035,0,4,1917,647,1240,927,1895,453,1788,858,505
"hsa-miR-107-3p",1227,1017,5490,2827,11,20,1422,1431,1205,1553,693,408,1190,1311,1043
"hsa-let-7d-5p",69,88,294,160,6,5,213,85,106,61,54,25,85,43,34
"hsa-miR-548d-2-5p",18,22,66,48,0,0,28,38,19,38,12,15,12,28,23
"hsa-miR-26b-5p",3782,2656,7924,4792,10,10,4263,4363,3183,5773,1875,1831,3096,4237,3211
"hsa-miR-548ae-2-5p",18,14,32,24,0,0,22,27,16,27,5,10,9,19,7
"hsa-miR-378a-3p",7827,20779,25278,21322,157,90,26768,12623,25245,16417,19538,10777,24653,16051,10635
"hsa-miR-378a-5p",143,104,229,240,0,1,171,159,157,173,138,163,135,189,151
"hsa-miR-1268b-5p",3,1,17,11,0,0,4,1,0,4,19,7,3,12,7
"hsa-miR-181b-2-5p",1344,1177,2804,1295,3,7,1420,1732,1171,1164,1187,584,1527,1597,1055
"hsa-miR-181a-2-5p",3966,2910,5701,4066,10,20,3304,4944,3223,3948,2153,1276,3252,3499,3088
"hsa-miR-1306-3p",27,49,65,73,0,1,58,38,27,34,45,24,32,36,27
"hsa-miR-1247-5p",0,0,0,0,0,0,0,0,0,1,0,0,0,0,0
"hsa-miR-26a-1-5p",33164,41471,61875,38509,57,128,35432,44497,29803,34731,17428,8940,25982,26569,14920
"hsa-miR-30e-3p",1110,2264,783,556,82,1,2470,1112,1853,1409,1264,554,1427,1117,754
"hsa-miR-1-1-3p",11,14,32,26,0,0,16,11,8,10,7,5,13,8,6
"hsa-miR-326-3p",17,4,4,10,0,0,14,12,15,22,21,15,13,18,23
"hsa-miR-15b-5p",479,402,2243,1290,2,3,761,448,664,472,464,97,627,353,221
"hsa-miR-1273e-5p",1,2,9,7,0,0,14,5,9,5,8,4,6,0,1
"hsa-miR-5096-3p",8,17,13,25,0,0,16,25,33,16,10,5,20,11,8
"hsa-miR-196b-5p",2362,1143,5283,2952,3,2,3542,2333,2340,1720,2787,1037,3340,2114,1962
"hsa-miR-877-3p",26,24,76,69,0,0,34,44,51,41,89,23,68,43,36
"hsa-miR-3651-3p",3,4,11,9,0,1,7,4,7,6,5,0,6,0,1
"hsa-miR-6842-3p",4,12,9,7,0,0,6,1,4,5,6,1,4,6,4
"hsa-miR-196a-2-3p",84,116,93,74,0,0,123,85,123,92,79,38,152,98,79
"hsa-miR-139-5p",8,24,25,19,0,0,18,14,22,12,13,6,12,13,9
"hsa-miR-6128-3p",3,15,11,13,0,0,23,8,7,15,8,4,13,8,14
"hsa-miR-99b-3p",633,865,1143,784,7,2,1124,653,1169,684,1100,240,933,660,422
"hsa-miR-941-4-3p",260,435,419,374,3,3,864,357,1079,347,794,196,844,504,274
"hsa-miR-3687-1-3p",5,9,7,6,0,0,3,4,5,2,3,4,11,7,1
"hsa-miR-452-3p",30,24,55,46,0,0,36,35,21,59,6,11,29,26,18
"hsa-miR-4470-3p",10,4,12,11,0,0,10,3,10,9,7,6,8,12,11
"hsa-miR-1277-3p",8,2,16,18,0,0,4,9,4,10,2,3,10,8,9
"hsa-miR-339-3p",84,73,367,290,0,1,177,82,146,151,125,69,139,108,94
"hsa-miR-597-3p",12,21,11,15,0,0,25,8,16,3,21,7,15,17,9
"hsa-miR-19b-1-3p",3168,1776,3782,3134,4,12,1679,2823,1668,3209,626,1438,1454,2896,2824
"hsa-miR-9-1-3p",25,7,111,55,0,0,33,17,19,29,23,10,25,25,22
"hsa-miR-1273a-3p",8,9,39,25,0,1,18,10,18,13,11,6,17,3,7
"hsa-miR-339-5p",722,435,1343,1102,0,2,677,760,562,899,503,268,640,842,630
"hsa-miR-5096-5p",5,3,7,10,0,2,5,9,16,6,8,2,8,4,4
"hsa-miR-550a-1-3p",13,5,16,14,0,0,9,12,12,8,15,9,9,12,14
"hsa-miR-182-5p",5309,5205,13165,5032,593,43,10199,3927,10366,3638,6376,1838,9806,4756,3941
"hsa-miR-1285-2-3p",43,47,79,60,0,0,52,48,47,56,82,25,64,71,44
"hsa-miR-7706-3p",119,677,857,677,2,4,916,374,1270,478,861,156,1048,438,233
"hsa-miR-3200-3p",53,44,41,39,0,0,45,29,48,39,45,44,49,56,39
"hsa-miR-450a-2-3p",7,3,16,11,0,0,5,9,9,7,5,4,6,6,2
"hsa-miR-20a-3p",31,13,19,17,0,0,13,28,17,20,11,9,25,18,13
"hsa-miR-941-3-3p",260,435,419,374,3,3,864,357,1079,347,794,196,844,504,274
"hsa-miR-671-3p",31,96,80,44,0,0,125,87,103,61,136,22,76,50,27
"hsa-miR-5701-1-5p",22,5,18,21,0,0,14,9,4,28,6,11,6,9,13
"hsa-miR-450a-1-5p",1258,1314,1003,918,1,3,724,1234,729,2100,416,362,595,982,768
"hsa-miR-577-5p",87,42,170,86,1,0,71,101,83,74,73,30,69,67,15
"hsa-miR-576-3p",116,166,220,136,1,2,121,105,111,116,100,97,150,124,97
"hsa-miR-92b-3p",593,940,1068,768,8,9,1190,767,887,771,1076,280,647,611,398
"hsa-miR-664a-3p",28,20,25,10,0,0,35,15,21,34,26,28,17,37,15
"hsa-miR-340-3p",327,667,671,554,0,0,403,416,401,353,209,69,365,276,107
"hsa-miR-20b-5p",114,61,401,143,0,0,99,88,58,90,80,38,120,131,78
"hsa-miR-5701-2-5p",22,5,18,21,0,0,14,9,4,28,6,11,6,9,13
"hsa-miR-2277-5p",29,18,47,30,0,0,39,24,41,20,51,14,67,44,16
"hsa-miR-125b-1-3p",0,3,2,0,6,1,1,2,5,2,1,2,3,0,1
"hsa-miR-199a-1-3p",16,29,43,26,1,0,30,21,8,24,12,10,14,10,18
"hsa-miR-3158-1-3p",22,42,125,131,0,0,85,32,94,45,88,27,100,48,48
"hsa-miR-4419a-5p",1,3,7,8,0,0,4,7,6,8,2,2,4,4,5
"hsa-miR-18a-5p",842,399,2631,2046,4,7,925,1073,792,979,507,826,1044,1137,954
"hsa-let-7e-3p",24,22,44,27,0,0,28,20,18,26,19,14,18,26,11
"hsa-miR-3187-3p",5,6,14,9,0,0,5,7,15,12,17,5,18,6,6
"hsa-miR-449a-3p",8,24,10,14,0,0,18,12,17,5,9,1,5,9,2
"hsa-miR-7641-2-3p",291,130,1449,668,4,18,257,150,224,246,391,422,201,119,183
"hsa-miR-16-1-3p",96,79,109,58,0,1,111,81,100,106,75,44,108,141,79
"hsa-miR-200a-3p",44,42,39,33,35,65,31,21,24,38,9,33,27,6,12
"hsa-miR-548n-5p",9,13,19,16,0,0,17,16,13,15,6,14,10,25,9
"hsa-miR-1908-5p",2,6,13,10,0,0,12,11,9,10,10,3,10,5,5
"hsa-miR-196a-1-5p",412,298,1708,911,0,4,1272,451,482,379,519,214,675,369,445
"hsa-miR-769-5p",1968,3725,3629,3341,129,16,3523,2495,4080,3423,2267,2367,3209,3824,3057
"hsa-miR-3182-5p",129,55,64,58,1,2,60,60,85,67,143,137,303,77,105
"hsa-miR-5001-3p",5,11,15,21,0,0,13,13,15,9,10,7,18,9,14
"hsa-miR-221-3p",2123,2552,5342,2593,105,74,3912,2734,2668,1918,2630,795,3740,2082,1637
"hsa-miR-99a-3p",20,13,17,18,1,0,19,20,11,32,8,8,8,11,21
"hsa-miR-5696-3p",8,18,18,11,0,0,13,12,12,17,16,2,9,7,10
"hsa-miR-146a-5p",8,10,9,8,0,1,6,3,11,4,5,2,10,6,2
"hsa-miR-7641-1-5p",204,54,44,24,1,1,118,90,67,82,82,38,59,80,52
"hsa-miR-320d-1-3p",37,22,89,76,6,0,64,26,42,33,30,18,42,36,41
"hsa-miR-449a-5p",23,26,31,47,0,0,13,45,12,16,1,6,5,14,9
"hsa-miR-548a-2-3p",1,1,11,8,0,0,4,3,1,6,5,2,4,1,2
"hsa-miR-548h-2-5p",42,65,31,39,0,0,45,47,32,73,42,48,35,59,35
"hsa-miR-6516-5p",7,11,19,26,0,0,8,6,7,10,2,4,6,4,6
"hsa-miR-1976-3p",3,2,11,6,0,0,4,1,6,4,3,1,1,4,2
"hsa-miR-3609-3p",6,6,14,5,0,0,11,0,4,2,7,1,3,0,4
"hsa-miR-200b-5p",0,0,0,0,0,0,0,0,0,0,0,1,0,0,0
"hsa-miR-1303-3p",91,179,163,102,4,2,143,158,150,90,348,76,222,144,54
"hsa-miR-3607-3p",102,22,74,80,1,0,82,68,63,54,36,34,52,45,35
"hsa-miR-320a-3p",3836,3157,14090,10152,57,87,11264,3592,8452,4203,5101,2045,7952,4995,3632
"hsa-miR-342-5p",12,17,33,26,0,0,28,18,22,11,11,6,31,19,14
"hsa-miR-532-3p",57,18,154,143,0,0,105,40,100,81,73,23,96,76,56
"hsa-miR-200b-3p",34,30,54,54,53,113,51,32,38,30,5,49,50,4,18
"hsa-miR-500b-3p",8,7,33,14,0,0,30,11,19,13,24,8,38,21,7
"hsa-miR-1266-5p",3,9,15,11,0,0,16,9,14,12,17,3,22,16,2
"hsa-miR-30c-1-5p",6808,5465,14007,6390,14,62,8546,5701,6055,5318,4087,1873,6303,5545,2904
"hsa-miR-301b-3p",29,12,115,88,0,0,70,41,57,39,18,13,72,39,31
"hsa-miR-4326-5p",43,101,70,51,0,0,79,60,102,43,120,24,85,78,36
"hsa-miR-589-5p",98,185,235,155,1,2,223,114,230,204,208,86,190,140,94
"hsa-miR-125b-2-5p",433,586,2046,1406,11,14,777,669,585,748,348,202,458,391,295
"hsa-miR-449c-5p",143,206,175,109,0,0,123,179,241,74,98,23,153,76,32
"hsa-miR-95-3p",171,399,232,138,0,1,255,190,225,184,85,53,187,115,74
"hsa-miR-548f-3-3p",35,64,30,24,0,0,29,17,42,36,60,47,44,47,31
"hsa-miR-7-1-5p",7641,7979,8497,4760,23,77,7981,5141,9955,5485,53958,21519,21112,20114,5966
"hsa-miR-3159-3p",16,14,26,25,0,0,15,15,16,17,8,3,17,6,4
"hsa-miR-129-1-5p",36,152,60,46,1,0,75,58,55,60,66,34,63,42,33
"hsa-miR-652-5p",18,4,32,25,0,0,33,6,33,18,16,7,42,17,23
"hsa-miR-1468-5p",2,12,11,5,0,0,18,10,5,4,5,1,11,1,1
"hsa-miR-132-3p",229,304,392,282,0,2,256,234,264,210,177,122,258,185,151
"hsa-miR-92b-5p",23,30,25,11,0,1,26,26,18,11,25,12,26,21,16
"hsa-miR-192-5p",995,2199,1235,1119,2,5,1396,1155,1511,1129,1634,382,1486,992,562
"hsa-miR-361-3p",482,958,839,496,0,0,794,459,841,430,634,194,753,490,212
"hsa-miR-92a-1-3p",32037,65853,85043,59478,162,270,85661,55984,64644,49547,34390,18546,39895,39611,32899
"hsa-miR-101-2-3p",10256,16381,12967,10371,310,46,11174,10796,13516,15790,6574,6985,11135,14346,10926
"hsa-miR-4532-5p",0,0,0,1,0,0,1,0,0,1,0,0,0,0,0
"hsa-miR-423-3p",13266,13126,38344,23175,15,50,23403,17065,23195,14402,16210,3614,19079,13280,6954
"hsa-miR-501-5p",133,136,153,103,1,2,134,108,159,84,132,73,190,131,46
"hsa-miR-146b-5p",1686,2261,2393,1256,2,11,2343,1941,2961,1231,1296,431,2025,1402,929
"hsa-miR-3118-3-3p",2,15,43,25,0,0,52,19,34,21,3,3,17,6,15
"hsa-miR-4324-3p",2,1,9,3,0,0,5,4,3,0,2,0,4,3,0
"hsa-miR-548t-3p",14,7,34,11,0,0,7,17,6,17,4,11,3,10,3
"hsa-miR-16-2-5p",1719,554,4623,3861,3,11,2486,1305,1852,2249,1624,2625,2868,3385,3884
"hsa-miR-455-5p",343,580,445,356,0,1,468,417,418,444,140,112,399,320,320
"hsa-miR-194-2-5p",57,47,271,151,0,2,125,55,90,63,95,45,87,89,51
"hsa-miR-548aj-2-5p",2,3,13,4,0,0,5,7,2,6,2,0,4,13,5
"hsa-miR-424-3p",145,217,467,330,1,5,267,314,182,291,187,56,164,183,152
"hsa-miR-17-5p",5569,4052,34488,15027,24,58,8278,7234,7516,6568,3937,2869,7952,8293,5320
"hsa-miR-101-1-3p",13517,22497,17205,13924,444,65,15506,14500,18676,21861,10483,10244,16773,18402,13825
"hsa-miR-7-2-5p",7603,7942,8445,4744,23,77,7948,5122,9897,5462,53868,21472,21015,20048,5950
"hsa-miR-425-5p",1202,833,1330,1038,6,8,1227,879,1239,1109,1522,952,2072,2565,1186
"hsa-miR-96-5p",1439,507,1277,1059,1,7,814,820,657,1125,553,467,885,1214,848
"hsa-miR-501-3p",429,340,941,467,1,4,681,286,595,434,579,207,511,503,319
"hsa-miR-550a-1-5p",19,33,62,73,1,0,61,23,47,46,73,24,58,43,22
"hsa-miR-183-3p",7,9,49,18,0,0,14,11,11,22,13,6,12,10,6
"hsa-miR-940-3p",11,3,18,14,0,0,15,3,9,15,13,12,12,22,22
"hsa-miR-138-2-5p",71,18,63,30,0,0,38,31,30,31,28,23,30,74,47
"hsa-miR-4791-5p",323,348,783,492,1,3,410,244,542,413,247,224,350,187,277
"hsa-miR-3195-5p",7,3,21,17,0,0,31,17,25,26,3,0,15,0,0
"hsa-let-7a-2-5p",3521,4891,17506,8577,104,127,13358,5346,5325,3655,3180,1097,4858,2697,1746
"hsa-miR-103a-2-3p",9301,12747,99231,34708,79,231,21495,10703,19789,11596,12296,4420,20808,13965,8156
"hsa-miR-548p-3p",12,26,12,10,0,0,15,12,12,21,18,21,15,20,11
"hsa-miR-873-5p",0,0,6,5,1,0,5,0,2,2,0,2,1,1,1
"hsa-miR-106b-3p",780,1173,2217,1751,22,3,2656,1002,2441,1251,1780,431,1707,1020,969
"hsa-miR-548aa-2-3p",15,7,34,11,0,0,7,17,6,17,4,11,3,10,3
"hsa-miR-26a-2-3p",35,29,9,11,0,0,23,31,23,28,6,20,9,15,24
"hsa-miR-548f-2-3p",36,64,30,24,0,0,29,17,42,36,60,47,44,49,31
"hsa-miR-25-3p",8531,20454,20558,15717,47,68,39884,15944,27893,13810,18592,4950,23819,11044,9193
"hsa-miR-425-3p",116,81,129,144,0,0,135,115,116,113,147,70,130,136,85
"hsa-miR-1278-3p",119,140,87,86,0,0,104,76,122,135,130,80,129,142,76
"hsa-miR-1260a-5p",9,6,45,49,0,0,28,11,19,20,15,26,20,31,35
"hsa-miR-8086-3p",1,3,2,13,0,0,4,10,4,7,4,0,3,4,0
"hsa-miR-193a-3p",4,8,4,8,0,0,7,38,7,23,4,11,5,12,38
"hsa-miR-6720-3p",8,22,79,35,0,0,37,17,44,17,26,9,38,15,16
"hsa-miR-340-5p",19329,18018,16411,11736,20,34,8438,18051,8007,28011,5696,12687,8618,23172,8946
"hsa-miR-320a-5p",18,9,8,7,0,0,15,13,11,14,10,6,19,3,11
"hsa-let-7b-5p",88,139,323,248,20,28,246,130,112,107,65,35,114,86,75
"hsa-miR-579-5p",8,6,9,11,0,0,10,5,4,5,15,9,5,8,9
"hsa-miR-199a-2-3p",16,29,43,26,1,0,30,21,8,24,12,10,14,10,18
"hsa-miR-181c-5p",132,57,78,42,0,0,35,157,27,92,3,11,20,36,77
"hsa-miR-1273g-3p",6,10,31,24,0,0,12,6,10,7,5,4,9,1,3
"hsa-miR-324-3p",112,53,189,146,0,0,100,99,116,134,112,85,118,110,166
"hsa-miR-3940-3p",2,2,8,5,0,0,3,3,5,5,11,1,7,12,6
"hsa-miR-362-3p",11,4,17,10,0,0,2,3,5,11,6,6,5,7,17
"hsa-miR-7704-5p",8,8,20,31,0,0,51,11,24,30,6,9,28,6,8
"hsa-miR-486-2-5p",41,77,161,113,0,0,141,71,133,50,27,12,70,29,39
"hsa-miR-100-3p",0,0,0,0,0,0,0,0,0,0,0,0,0,0,0
"hsa-miR-125b-2-3p",228,321,597,393,0,1,510,229,455,333,352,146,480,271,229
"hsa-let-7i-3p",0,0,1,0,0,0,1,0,0,0,0,0,0,0,1
"hsa-miR-581-5p",11,24,16,12,0,0,10,13,13,12,11,4,10,13,5
"hsa-miR-378b-3p",4,406,16,11,5,0,10,30,16,22,17,29,19,6,12
"hsa-miR-147b-3p",6,9,18,18,0,0,18,13,8,14,19,17,11,23,26
"hsa-miR-29b-1-3p",73,79,71,100,1,1,73,244,61,191,43,107,57,109,143
"hsa-miR-1291-5p",2,3,9,8,0,0,14,2,5,9,16,9,8,8,20
"hsa-miR-10b-5p",45785,61868,39946,27782,6153,61,52989,40268,61436,46500,35816,18594,50561,48196,30650
"hsa-miR-3661-5p",6,10,12,10,0,0,27,12,12,8,14,7,9,8,10
"hsa-miR-132-5p",102,144,152,139,0,0,102,87,71,138,67,50,102,114,67
"hsa-miR-200a-5p",3,1,1,1,0,2,4,0,1,4,0,1,1,0,0
"hsa-miR-30a-5p",54009,89712,57390,35913,242,434,48346,48025,56235,42184,40560,22141,51239,53938,32272
"hsa-miR-452-5p",211,284,843,419,0,0,295,206,245,234,178,67,238,210,223
"hsa-miR-660-5p",1798,1729,1731,1238,2,1,903,2157,802,1677,571,599,879,1514,1116
"hsa-miR-4661-5p",5,40,28,20,0,1,38,21,38,22,28,15,39,20,16
"hsa-miR-4521-3p",31,25,20,18,0,0,7,18,18,38,19,16,16,20,13
"hsa-miR-34a-5p",928,499,1380,1093,1,1,885,716,741,1128,128,209,593,831,1255
"hsa-miR-141-3p",4,2,5,2,0,2,1,2,3,0,1,3,3,2,1
"hsa-miR-4458-5p",0,0,15,9,0,0,19,2,2,1,3,9,8,7,4
"hsa-miR-181c-3p",115,139,194,101,0,0,115,114,57,135,34,10,78,56,91
"hsa-miR-454-3p",1238,443,907,400,0,2,934,641,932,634,502,387,994,871,506
"hsa-miR-181b-1-3p",22,45,124,99,0,0,50,28,50,49,69,32,66,38,58
"hsa-miR-191-5p",4726,3436,17605,8374,30,44,7159,4353,5235,4520,6397,2000,6401,5417,3008
"hsa-miR-3605-3p",4,15,6,5,0,0,16,4,13,5,8,0,5,5,3
"hsa-miR-769-3p",49,50,90,84,0,1,65,45,49,65,46,39,50,63,44
"hsa-miR-942-5p",62,66,108,63,0,0,70,82,40,61,52,21,39,41,30
"hsa-miR-215-5p",157,274,418,331,4,0,379,211,445,283,393,153,360,231,187
"hsa-miR-196b-3p",18,6,13,17,0,0,11,14,7,25,10,15,22,13,31
"hsa-miR-548aa-1-3p",14,7,34,11,0,0,7,17,6,17,4,11,3,10,3
"hsa-miR-941-2-3p",260,435,419,374,3,3,864,357,1079,347,794,196,844,504,274
"hsa-miR-30e-5p",24506,18627,23624,15244,34,85,12023,23770,12709,16402,9275,6062,14542,19671,11609
"hsa-miR-6783-3p",1,15,11,10,0,0,8,3,10,8,5,2,9,3,5
"hsa-miR-1285-1-5p",8,11,21,22,0,0,13,8,20,13,18,5,16,16,17
"hsa-miR-5095-3p",10,11,12,16,0,0,12,8,8,7,6,2,14,2,2
"hsa-miR-129-2-3p",4,2,6,4,0,0,6,2,3,12,6,8,7,14,12
"hsa-miR-1250-5p",68,56,87,58,0,0,59,49,42,72,78,19,46,55,53
"hsa-miR-34c-5p",637,977,1227,732,2,2,883,454,971,789,65,57,364,375,645
"hsa-miR-193a-5p",17,13,55,39,3,1,41,22,21,17,20,3,25,10,21
"hsa-miR-5701-3-5p",22,5,18,21,0,0,14,9,4,28,6,11,6,9,13
"hsa-miR-2110-5p",19,17,58,30,0,0,68,20,29,19,46,12,35,36,19
"hsa-miR-126-5p",197,82,127,105,0,0,87,177,74,165,35,31,46,77,55
"hsa-miR-7851-3p",2,6,29,12,0,0,10,5,8,5,2,2,6,9,3
"hsa-miR-338-5p",103,106,160,86,0,0,100,132,51,86,50,19,49,49,48
"hsa-miR-199a-2-5p",7,8,16,13,0,0,11,8,21,6,4,3,8,5,7
"hsa-miR-1292-5p",17,42,45,23,0,0,34,23,44,16,33,7,39,38,14
"hsa-miR-1277-5p",91,24,110,104,0,0,60,64,58,94,36,36,79,99,61
"hsa-miR-30b-5p",754,387,1068,951,3,5,1053,669,648,1217,397,997,886,1287,1434
"hsa-miR-941-5-3p",260,435,419,374,3,3,864,357,1079,347,794,196,844,504,274
"hsa-miR-218-2-5p",69835,46388,38074,45985,60,94,34811,41667,28689,58370,37908,31623,40464,69618,39165
"hsa-miR-1295a-3p",2,12,38,29,0,0,20,6,11,1,10,2,8,6,3
"hsa-miR-550a-2-3p",14,5,16,15,0,0,9,12,12,8,15,9,9,12,14
"hsa-miR-197-3p",510,434,410,348,1,1,637,261,518,379,698,788,575,420,469
"hsa-miR-184-3p",7,7,7,10,0,0,21,11,11,5,4,7,10,8,9
"hsa-miR-1287-5p",13,7,33,20,1,0,12,17,19,14,14,8,21,15,17
"hsa-miR-17-3p",137,100,248,222,0,1,168,212,164,163,64,74,136,181,162
"hsa-miR-345-5p",310,160,518,491,2,2,331,284,320,334,232,133,366,329,263
"hsa-miR-3615-3p",240,463,626,457,4,5,596,328,634,338,654,99,562,264,138
"hsa-miR-499a-5p",99,74,98,93,0,3,48,107,46,149,14,36,24,75,61
"hsa-miR-504-5p",67,194,166,160,1,0,237,114,220,103,155,49,176,74,61
